{"type":"FeatureCollection","features":[{"type":"Feature","id":"lm17_line_road_edge.97526","geometry":{"type":"MultiLineString","coordinates":[[[28.84583258,47.02616679,60.7302506],[28.84524856,47.02577119,63.41929807],[28.84472042,47.02540582,66.57867082],[28.84383278,47.02480074,69.00643008]]]},"geometry_name":"geom","properties":{"gid":null,"shape_leng":null,"layer":7002,"medium":"T","z":64.87,"layer_name":"road_edge"}},{"type":"Feature","id":"lm17_line_road_edge.97915","geometry":{"type":"MultiLineString","coordinates":[[[28.84383278,47.02480074,69.00643008],[28.84377129,47.02475883,69.17461733],[28.84366087,47.0246472,69.54641552],[28.84361522,47.02459302,69.88086184]]]},"geometry_name":"geom","properties":{"gid":null,"shape_leng":null,"layer":7002,"medium":"T","z":69.44,"layer_name":"road_edge"}},{"type":"Feature","id":"lm17_line_road_edge.98270","geometry":{"type":"MultiLineString","coordinates":[[[28.8435112,47.0245272,69.94008018],[28.84346096,47.02449775,69.94008018],[28.8426701,47.02393717,71.51473882]]]},"geometry_name":"geom","properties":{"gid":null,"shape_leng":null,"layer":7002,"medium":"T","z":70.73,"layer_name":"road_edge"}},{"type":"Feature","id":"lm17_line_road_edge.99841","geometry":{"type":"MultiLineString","coordinates":[[[28.84315129,47.02356918,71.70618286],[28.84322514,47.02352612,71.66624464],[28.84372458,47.02322827,70.88150904],[28.84387932,47.02315516,70.88150904]]]},"geometry_name":"geom","properties":{"gid":null,"shape_leng":null,"layer":7002,"medium":"T","z":71.29,"layer_name":"road_edge"}},{"type":"Feature","id":"lm17_line_road_edge.100129","geometry":{"type":"MultiLineString","coordinates":[[[28.83993053,47.02557045,69.4563218],[28.84047074,47.02523068,70.18839875],[28.84092436,47.02494005,70.52268726]]]},"geometry_name":"geom","properties":{"gid":null,"shape_leng":null,"layer":7002,"medium":"T","z":69.99,"layer_name":"road_edge"}},{"type":"Feature","id":"lm17_line_road_edge.100411","geometry":{"type":"MultiLineString","coordinates":[[[28.84106876,47.02484839,70.6239957],[28.84159978,47.02451507,70.97313435],[28.84231917,47.02406835,71.84209564]]]},"geometry_name":"geom","properties":{"gid":null,"shape_leng":null,"layer":7002,"medium":"T","z":71.23,"layer_name":"road_edge"}},{"type":"Feature","id":"lm17_line_road_edge.100511","geometry":{"type":"MultiLineString","coordinates":[[[28.84267177,47.02384873,71.9654884],[28.84315129,47.02356918,71.70618268]]]},"geometry_name":"geom","properties":{"gid":null,"shape_leng":null,"layer":7002,"medium":"T","z":71.84,"layer_name":"road_edge"}},{"type":"Feature","id":"lm17_line_road_edge.100898","geometry":{"type":"MultiLineString","coordinates":[[[28.84673921,47.0228341,65.89338503],[28.84676455,47.02262794,66.05781902]]]},"geometry_name":"geom","properties":{"gid":null,"shape_leng":null,"layer":7002,"medium":"T","z":65.98,"layer_name":"road_edge"}},{"type":"Feature","id":"lm17_line_road_edge.101055","geometry":{"type":"MultiLineString","coordinates":[[[28.84676455,47.02262794,66.05781902],[28.84677824,47.02251657,66.14664905]]]},"geometry_name":"geom","properties":{"gid":null,"shape_leng":null,"layer":7002,"medium":"T","z":66.1,"layer_name":"road_edge"}},{"type":"Feature","id":"lm17_line_road_edge.101078","geometry":{"type":"MultiLineString","coordinates":[[[28.84677824,47.02251657,66.14664905],[28.84681448,47.02220523,66.73969343],[28.84681649,47.022194,66.75823031]]]},"geometry_name":"geom","properties":{"gid":null,"shape_leng":null,"layer":7002,"medium":"T","z":66.45,"layer_name":"road_edge"}},{"type":"Feature","id":"lm17_line_road_edge.101231","geometry":{"type":"MultiLineString","coordinates":[[[28.84681649,47.022194,66.75823031],[28.84685734,47.02196572,67.13505635],[28.84687082,47.02187579,67.22401789],[28.84692856,47.02172958,67.30537967]]]},"geometry_name":"geom","properties":{"gid":null,"shape_leng":null,"layer":7002,"medium":"T","z":67.03,"layer_name":"road_edge"}},{"type":"Feature","id":"lm17_line_road_edge.101363","geometry":{"type":"MultiLineString","coordinates":[[[28.84675353,47.02330265,65.22853132],[28.84705229,47.02340695,64.63770865],[28.84763016,47.02361771,61.08565839],[28.84772375,47.02365397,60.80470038]]]},"geometry_name":"geom","properties":{"gid":null,"shape_leng":null,"layer":7002,"medium":"T","z":63.02,"layer_name":"road_edge"}},{"type":"Feature","id":"lm17_line_road_edge.101496","geometry":{"type":"MultiLineString","coordinates":[[[28.84772375,47.02365397,60.80470038],[28.84802454,47.02377049,59.90164164],[28.8480435,47.02377806,59.86775539]]]},"geometry_name":"geom","properties":{"gid":null,"shape_leng":null,"layer":7002,"medium":"T","z":60.34,"layer_name":"road_edge"}},{"type":"Feature","id":"lm17_line_road_edge.101625","geometry":{"type":"MultiLineString","coordinates":[[[28.8480435,47.02377806,59.86775541],[28.84846617,47.02394673,59.11229714],[28.84866462,47.02402239,58.88342371]]]},"geometry_name":"geom","properties":{"gid":null,"shape_leng":null,"layer":7002,"medium":"T","z":59.38,"layer_name":"road_edge"}},{"type":"Feature","id":"lm17_line_road_edge.104178","geometry":{"type":"MultiLineString","coordinates":[[[28.84909533,47.02555727,59.05832866],[28.84931485,47.02534181,59.37155639],[28.84997694,47.02472916,58.17815256],[28.85016062,47.02456698,57.90560981]]]},"geometry_name":"geom","properties":{"gid":null,"shape_leng":null,"layer":7002,"medium":"T","z":58.64,"layer_name":"road_edge"}},{"type":"Feature","id":"lm17_line_road_edge.108426","geometry":{"type":"MultiLineString","coordinates":[[[28.84847357,47.01933308,65.47120776],[28.84842133,47.01940002,65.52247101]]]},"geometry_name":"geom","properties":{"gid":null,"shape_leng":null,"layer":7002,"medium":"T","z":65.5,"layer_name":"road_edge"}},{"type":"Feature","id":"lm17_line_road_edge.108553","geometry":{"type":"MultiLineString","coordinates":[[[28.84884174,47.01887465,64.79133174],[28.8488145,47.01891097,64.7888655]]]},"geometry_name":"geom","properties":{"gid":null,"shape_leng":null,"layer":7002,"medium":"T","z":64.79,"layer_name":"road_edge"}},{"type":"Feature","id":"lm17_line_road_edge.108560","geometry":{"type":"MultiLineString","coordinates":[[[28.84883391,47.02105375,62.85164185],[28.84791429,47.02181529,64.09695215]]]},"geometry_name":"geom","properties":{"gid":null,"shape_leng":null,"layer":7002,"medium":"T","z":63.47,"layer_name":"road_edge"}},{"type":"Feature","id":"lm17_line_road_edge.108905","geometry":{"type":"MultiLineString","coordinates":[[[28.84619091,47.02191922,67.97621948],[28.84561889,47.02220436,69.31053897],[28.84497312,47.02253819,70.48914124],[28.84409438,47.02297613,70.86685654]]]},"geometry_name":"geom","properties":{"gid":null,"shape_leng":null,"layer":7002,"medium":"T","z":69.42,"layer_name":"road_edge"}},{"type":"Feature","id":"lm17_line_road_edge.108906","geometry":{"type":"MultiLineString","coordinates":[[[28.84387949,47.02307854,70.88150904],[28.84366797,47.02317848,70.88150904],[28.84316472,47.0234786,71.66624464],[28.84254469,47.02384626,72.00068723]]]},"geometry_name":"geom","properties":{"gid":null,"shape_leng":null,"layer":7002,"medium":"T","z":71.44,"layer_name":"road_edge"}},{"type":"Feature","id":"lm17_line_road_edge.108913","geometry":{"type":"MultiLineString","coordinates":[[[28.84234553,47.02396693,71.94788005],[28.84153769,47.02446857,70.97313435],[28.84106004,47.02476839,70.65918635]]]},"geometry_name":"geom","properties":{"gid":null,"shape_leng":null,"layer":7002,"medium":"T","z":71.3,"layer_name":"road_edge"}},{"type":"Feature","id":"lm17_line_road_edge.108917","geometry":{"type":"MultiLineString","coordinates":[[[28.84090746,47.02486459,70.55637996],[28.84040809,47.02518453,70.18839875],[28.83985099,47.02553493,69.43304792]]]},"geometry_name":"geom","properties":{"gid":null,"shape_leng":null,"layer":7002,"medium":"T","z":69.99,"layer_name":"road_edge"}},{"type":"Feature","id":"lm17_line_road_edge.169795","geometry":{"type":"MultiLineString","coordinates":[[[28.849058,47.01861476,64.24647642],[28.84901252,47.01866836,64.37341037]]]},"geometry_name":"geom","properties":{"gid":null,"shape_leng":null,"layer":7002,"medium":"T","z":64.31,"layer_name":"road_edge"}},{"type":"Feature","id":"lm17_line_road_edge.207108","geometry":{"type":"MultiLineString","coordinates":[[[28.84901252,47.01866836,64.37340965],[28.84893701,47.01875734,64.58413905],[28.84888103,47.01882626,64.70587076]]]},"geometry_name":"geom","properties":{"gid":null,"shape_leng":null,"layer":7002,"medium":"T","z":64.54,"layer_name":"road_edge"}},{"type":"Feature","id":"lm17_line_road_edge.207156","geometry":{"type":"MultiLineString","coordinates":[[[28.84888103,47.01882626,64.70587029],[28.84884174,47.01887465,64.79133174]]]},"geometry_name":"geom","properties":{"gid":null,"shape_leng":null,"layer":7002,"medium":"T","z":64.75,"layer_name":"road_edge"}},{"type":"Feature","id":"lm17_line_road_edge.207240","geometry":{"type":"MultiLineString","coordinates":[[[28.84198662,47.02350739,72.6704861],[28.84183593,47.02339484,72.83628371]]]},"geometry_name":"geom","properties":{"gid":null,"shape_leng":null,"layer":7002,"medium":"T","z":72.75,"layer_name":"road_edge"}},{"type":"Feature","id":"lm17_line_road_edge.207259","geometry":{"type":"MultiLineString","coordinates":[[[28.8488145,47.01891097,64.78886552],[28.84877422,47.01896468,64.78521876]]]},"geometry_name":"geom","properties":{"gid":null,"shape_leng":null,"layer":7002,"medium":"T","z":64.79,"layer_name":"road_edge"}},{"type":"Feature","id":"lm17_line_road_edge.207273","geometry":{"type":"MultiLineString","coordinates":[[[28.84877422,47.01896468,64.78521876],[28.84872543,47.01902972,64.78080188],[28.84872282,47.0190332,64.78080188]]]},"geometry_name":"geom","properties":{"gid":null,"shape_leng":null,"layer":7002,"medium":"T","z":64.78,"layer_name":"road_edge"}},{"type":"Feature","id":"lm17_line_road_edge.207297","geometry":{"type":"MultiLineString","coordinates":[[[28.84872282,47.0190332,64.78080188],[28.84869213,47.01907412,64.78080188]]]},"geometry_name":"geom","properties":{"gid":null,"shape_leng":null,"layer":7002,"medium":"T","z":64.78,"layer_name":"road_edge"}},{"type":"Feature","id":"lm17_line_road_edge.207384","geometry":{"type":"MultiLineString","coordinates":[[[28.84869213,47.01907412,64.78080188],[28.84867451,47.01908951,64.78080188]]]},"geometry_name":"geom","properties":{"gid":null,"shape_leng":null,"layer":7002,"medium":"T","z":64.78,"layer_name":"road_edge"}},{"type":"Feature","id":"lm17_line_road_edge.208053","geometry":{"type":"MultiLineString","coordinates":[[[28.84842133,47.01940002,65.52247098],[28.84817342,47.01971768,65.76573903],[28.84788738,47.0200737,66.07676849]]]},"geometry_name":"geom","properties":{"gid":null,"shape_leng":null,"layer":7002,"medium":"T","z":65.8,"layer_name":"road_edge"}},{"type":"Feature","id":"lm17_line_road_edge.208149","geometry":{"type":"MultiLineString","coordinates":[[[28.8478733,47.02008061,66.0817941],[28.84788738,47.0200737,66.07676849]]]},"geometry_name":"geom","properties":{"gid":null,"shape_leng":null,"layer":7002,"medium":"T","z":66.08,"layer_name":"road_edge"}},{"type":"Feature","id":"lm17_line_road_edge.208425","geometry":{"type":"MultiLineString","coordinates":[[[28.84183593,47.02339484,72.8362837],[28.8414607,47.02311461,73.24911148]]]},"geometry_name":"geom","properties":{"gid":null,"shape_leng":null,"layer":7002,"medium":"T","z":73.04,"layer_name":"road_edge"}},{"type":"Feature","id":"lm17_line_road_edge.209136","geometry":{"type":"MultiLineString","coordinates":[[[28.8467315,47.02289677,65.73511332],[28.84673921,47.0228341,65.89338503]]]},"geometry_name":"geom","properties":{"gid":null,"shape_leng":null,"layer":7002,"medium":"T","z":65.81,"layer_name":"road_edge"}},{"type":"Feature","id":"lm17_line_road_edge.209245","geometry":{"type":"MultiLineString","coordinates":[[[28.84400483,47.02309586,70.88150904],[28.84404088,47.02307883,70.88150904],[28.84411359,47.02304447,70.88150904],[28.84502801,47.02258875,70.48914124],[28.84567378,47.02225492,69.31053897],[28.84629032,47.02194759,67.86913579]]]},"geometry_name":"geom","properties":{"gid":null,"shape_leng":null,"layer":7002,"medium":"T","z":69.38,"layer_name":"road_edge"}},{"type":"Feature","id":"lm17_line_road_edge.209246","geometry":{"type":"MultiLineString","coordinates":[[[28.84643328,47.02187838,67.73507233],[28.84672374,47.02174057,67.73507231],[28.84677952,47.02171581,67.49570363],[28.84681819,47.02169617,67.30547801]]]},"geometry_name":"geom","properties":{"gid":null,"shape_leng":null,"layer":7002,"medium":"T","z":67.52,"layer_name":"road_edge"}},{"type":"Feature","id":"lm17_line_road_edge.209247","geometry":{"type":"MultiLineString","coordinates":[[[28.84701187,47.02156686,67.50204978],[28.84715669,47.0213295,67.34120567],[28.84744977,47.02089126,66.55347235],[28.84778246,47.02035847,66.15960569],[28.84780106,47.02033139,66.15960569]]]},"geometry_name":"geom","properties":{"gid":null,"shape_leng":null,"layer":7002,"medium":"T","z":66.83,"layer_name":"road_edge"}},{"type":"Feature","id":"lm17_line_road_edge.209248","geometry":{"type":"MultiLineString","coordinates":[[[28.84793814,47.02014129,66.11069471],[28.84825439,47.01974766,65.76573903],[28.84865567,47.01923348,65.37187237],[28.84901708,47.01878843,64.58413905],[28.84923903,47.01852688,63.96318915]]]},"geometry_name":"geom","properties":{"gid":null,"shape_leng":null,"layer":7002,"medium":"T","z":65.04,"layer_name":"road_edge"}},{"type":"Feature","id":"lm17_line_road_edge.209249","geometry":{"type":"MultiLineString","coordinates":[[[28.84098481,47.02494203,70.58076655],[28.84100315,47.02495984,70.58076655],[28.84102719,47.02497805,70.58076655],[28.84103737,47.02498453,70.58076655],[28.84114915,47.02507299,70.21771732]]]},"geometry_name":"geom","properties":{"gid":null,"shape_leng":null,"layer":7002,"medium":"T","z":70.4,"layer_name":"road_edge"}},{"type":"Feature","id":"lm17_line_road_edge.209252","geometry":{"type":"MultiLineString","coordinates":[[[28.84286209,47.02513807,69.69213192],[28.84332725,47.02477975,70.0146452],[28.84335582,47.02476148,70.00011029]]]},"geometry_name":"geom","properties":{"gid":null,"shape_leng":null,"layer":7002,"medium":"T","z":69.85,"layer_name":"road_edge"}},{"type":"Feature","id":"lm17_line_road_edge.209253","geometry":{"type":"MultiLineString","coordinates":[[[28.84335582,47.02476148,70.00011032],[28.8433894,47.02473999,69.98302287]]]},"geometry_name":"geom","properties":{"gid":null,"shape_leng":null,"layer":7002,"medium":"T","z":69.99,"layer_name":"road_edge"}},{"type":"Feature","id":"lm17_line_road_edge.209259","geometry":{"type":"MultiLineString","coordinates":[[[28.84396978,47.02296208,71.11920555],[28.84367633,47.02272893,71.94177715],[28.84334211,47.02247734,72.92506341],[28.84301206,47.02226271,73.31837791],[28.84286151,47.02214924,73.61277796]]]},"geometry_name":"geom","properties":{"gid":null,"shape_leng":null,"layer":7002,"medium":"T","z":72.37,"layer_name":"road_edge"}},{"type":"Feature","id":"lm17_line_road_edge.209260","geometry":{"type":"MultiLineString","coordinates":[[[28.84800079,47.02182353,64.04252589],[28.84879735,47.02118048,62.86626719]]]},"geometry_name":"geom","properties":{"gid":null,"shape_leng":null,"layer":7002,"medium":"T","z":63.45,"layer_name":"road_edge"}},{"type":"Feature","id":"lm17_line_road_edge.209261","geometry":{"type":"MultiLineString","coordinates":[[[28.84879735,47.02118048,62.86626719],[28.84902534,47.02099642,62.5295851]]]},"geometry_name":"geom","properties":{"gid":null,"shape_leng":null,"layer":7002,"medium":"T","z":62.7,"layer_name":"road_edge"}},{"type":"Feature","id":"lm17_line_road_edge.209262","geometry":{"type":"MultiLineString","coordinates":[[[28.84394658,47.02316602,70.75045209],[28.84448274,47.02376139,69.39728268]]]},"geometry_name":"geom","properties":{"gid":null,"shape_leng":null,"layer":7002,"medium":"T","z":70.07,"layer_name":"road_edge"}},{"type":"Feature","id":"lm17_line_road_edge.209263","geometry":{"type":"MultiLineString","coordinates":[[[28.84457128,47.02385577,69.13495551],[28.8446387,47.02392565,68.91472776],[28.84471467,47.02399145,68.91472776],[28.84484358,47.02407183,68.52101455],[28.84505436,47.02418406,68.12730134],[28.84539021,47.02434383,66.94510059],[28.84622626,47.02470582,63.39690671],[28.84640483,47.02477576,63.12554337]]]},"geometry_name":"geom","properties":{"gid":null,"shape_leng":null,"layer":7002,"medium":"T","z":66.13,"layer_name":"road_edge"}},{"type":"Feature","id":"lm17_line_road_edge.209265","geometry":{"type":"MultiLineString","coordinates":[[[28.84902534,47.02099642,62.5295851],[28.84910171,47.02093706,62.33946915],[28.84939986,47.02070529,61.59718202]]]},"geometry_name":"geom","properties":{"gid":null,"shape_leng":null,"layer":7002,"medium":"T","z":62.06,"layer_name":"road_edge"}},{"type":"Feature","id":"lm17_line_road_edge.209266","geometry":{"type":"MultiLineString","coordinates":[[[28.84951728,47.02061755,61.28661654],[28.84986965,47.02036183,60.3158055],[28.85083306,47.01964175,58.75356402]]]},"geometry_name":"geom","properties":{"gid":null,"shape_leng":null,"layer":7002,"medium":"T","z":60.02,"layer_name":"road_edge"}},{"type":"Feature","id":"lm17_line_road_edge.209267","geometry":{"type":"MultiLineString","coordinates":[[[28.84902028,47.02087173,62.69370091],[28.84902748,47.02084017,62.61343408],[28.84903773,47.02080967,62.49092466],[28.84916276,47.02059681,62.31363742]]]},"geometry_name":"geom","properties":{"gid":null,"shape_leng":null,"layer":7002,"medium":"T","z":62.5,"layer_name":"road_edge"}},{"type":"Feature","id":"lm17_line_road_edge.209268","geometry":{"type":"MultiLineString","coordinates":[[[28.84920388,47.02051489,62.31341376],[28.84943908,47.02001024,62.49092466],[28.84963171,47.01964889,62.29343992],[28.84986362,47.01916989,61.70098572],[28.84997972,47.01897436,61.73866405]]]},"geometry_name":"geom","properties":{"gid":null,"shape_leng":null,"layer":7002,"medium":"T","z":62.1,"layer_name":"road_edge"}},{"type":"Feature","id":"lm17_line_road_edge.209269","geometry":{"type":"MultiLineString","coordinates":[[[28.84920369,47.02059124,62.09426946],[28.84931778,47.02063415,61.74820671]]]},"geometry_name":"geom","properties":{"gid":null,"shape_leng":null,"layer":7002,"medium":"T","z":61.92,"layer_name":"road_edge"}},{"type":"Feature","id":"lm17_line_road_edge.209270","geometry":{"type":"MultiLineString","coordinates":[[[28.84948345,47.02069881,61.47567056],[28.84952949,47.02071755,61.47567056],[28.84988761,47.02086421,60.48745973],[28.85022225,47.02101121,58.84985735]]]},"geometry_name":"geom","properties":{"gid":null,"shape_leng":null,"layer":7002,"medium":"T","z":60.16,"layer_name":"road_edge"}},{"type":"Feature","id":"lm17_line_road_edge.209273","geometry":{"type":"MultiLineString","coordinates":[[[28.84361822,47.02454501,69.73405774],[28.84366455,47.02450949,69.75367908]]]},"geometry_name":"geom","properties":{"gid":null,"shape_leng":null,"layer":7002,"medium":"T","z":69.74,"layer_name":"road_edge"}},{"type":"Feature","id":"lm17_line_road_edge.209274","geometry":{"type":"MultiLineString","coordinates":[[[28.84366455,47.02450949,69.75367908],[28.84376656,47.02443129,69.79687841]]]},"geometry_name":"geom","properties":{"gid":null,"shape_leng":null,"layer":7002,"medium":"T","z":69.78,"layer_name":"road_edge"}},{"type":"Feature","id":"lm17_line_road_edge.209275","geometry":{"type":"MultiLineString","coordinates":[[[28.84376656,47.02443129,69.79687841],[28.84406159,47.0242051,69.9218238],[28.84436123,47.02395264,69.52816986],[28.84450762,47.02384905,69.33134288]]]},"geometry_name":"geom","properties":{"gid":null,"shape_leng":null,"layer":7002,"medium":"T","z":69.63,"layer_name":"road_edge"}},{"type":"Feature","id":"lm17_line_road_edge.209276","geometry":{"type":"MultiLineString","coordinates":[[[28.84463615,47.023784,69.04147933],[28.84467515,47.02377,68.90293212],[28.84495651,47.02365892,68.3124512],[28.84558115,47.02343287,67.52470432],[28.84617447,47.02321531,66.53947199],[28.84654205,47.02308311,65.98292835]]]},"geometry_name":"geom","properties":{"gid":null,"shape_leng":null,"layer":7002,"medium":"T","z":67.51,"layer_name":"road_edge"}},{"type":"Feature","id":"lm17_line_road_edge.209277","geometry":{"type":"MultiLineString","coordinates":[[[28.84637458,47.02585429,60.39571935],[28.84639364,47.02569879,60.64174862],[28.84643929,47.02544277,61.234793],[28.84651635,47.02494499,62.42088177],[28.84653641,47.02479231,63.00266294],[28.84660484,47.02436409,63.59570732],[28.84666523,47.02386891,64.58411463],[28.84668964,47.02357163,64.97947755],[28.84670198,47.02332265,65.32212704]]]},"geometry_name":"geom","properties":{"gid":null,"shape_leng":null,"layer":7002,"medium":"T","z":62.86,"layer_name":"road_edge"}},{"type":"Feature","id":"lm17_line_road_edge.209278","geometry":{"type":"MultiLineString","coordinates":[[[28.84670891,47.02318272,65.51500156],[28.84671738,47.02301162,65.75128613],[28.8467188,47.02300006,65.76058064]]]},"geometry_name":"geom","properties":{"gid":null,"shape_leng":null,"layer":7002,"medium":"T","z":65.64,"layer_name":"road_edge"}},{"type":"Feature","id":"lm17_line_road_edge.209279","geometry":{"type":"MultiLineString","coordinates":[[[28.8467188,47.02300006,65.76058064],[28.84672582,47.02294302,65.77119358]]]},"geometry_name":"geom","properties":{"gid":null,"shape_leng":null,"layer":7002,"medium":"T","z":65.77,"layer_name":"road_edge"}},{"type":"Feature","id":"lm17_line_road_edge.209280","geometry":{"type":"MultiLineString","coordinates":[[[28.84672582,47.02294302,65.77119358],[28.84672774,47.02292736,65.81899759],[28.8467315,47.02289677,65.73511332]]]},"geometry_name":"geom","properties":{"gid":null,"shape_leng":null,"layer":7002,"medium":"T","z":65.78,"layer_name":"road_edge"}},{"type":"Feature","id":"lm17_line_road_edge.209293","geometry":{"type":"MultiLineString","coordinates":[[[28.84777786,47.02008216,66.39481644],[28.84777308,47.02007895,66.4048675]]]},"geometry_name":"geom","properties":{"gid":null,"shape_leng":null,"layer":7002,"medium":"T","z":66.4,"layer_name":"road_edge"}},{"type":"Feature","id":"lm17_line_road_edge.209314","geometry":{"type":"MultiLineString","coordinates":[[[28.85041426,47.02267475,55.9871351],[28.85036856,47.02271253,55.9871351],[28.85015341,47.02287983,56.38265111],[28.84999414,47.02300784,56.58040912],[28.8494227,47.02347875,57.96471517],[28.84919962,47.02365772,58.36023118],[28.84883742,47.02393439,58.55798919],[28.84880107,47.02396502,58.64288508]]]},"geometry_name":"geom","properties":{"gid":null,"shape_leng":null,"layer":7002,"medium":"T","z":57.32,"layer_name":"road_edge"}},{"type":"Feature","id":"lm17_line_road_edge.209315","geometry":{"type":"MultiLineString","coordinates":[[[28.84867639,47.0240701,58.93574514],[28.84866887,47.02407643,58.9535052],[28.84828182,47.02437638,59.15126321],[28.84789488,47.02469015,59.34902121],[28.8475747,47.02495279,59.69456776],[28.84752802,47.02499107,59.74453723],[28.84724079,47.02524477,59.74453723],[28.84706885,47.02539882,60.14005324],[28.84672164,47.02571256,60.33781125],[28.84651731,47.02586112,60.33781125],[28.8464689,47.02590222,60.2774679]]]},"geometry_name":"geom","properties":{"gid":null,"shape_leng":null,"layer":7002,"medium":"T","z":59.64,"layer_name":"road_edge"}},{"type":"Feature","id":"lm17_line_road_edge.209319","geometry":{"type":"MultiLineString","coordinates":[[[28.84894144,47.02554923,59.15948077],[28.84871723,47.02544824,59.69456776],[28.8482944,47.02525979,60.08984278],[28.8478859,47.02507012,59.69456776],[28.84769268,47.02498426,59.69456776]]]},"geometry_name":"geom","properties":{"gid":null,"shape_leng":null,"layer":7002,"medium":"T","z":59.62,"layer_name":"road_edge"}},{"type":"Feature","id":"lm17_line_road_edge.209382","geometry":{"type":"MultiLineString","coordinates":[[[28.84867451,47.01908951,64.78080188],[28.84863454,47.01913641,64.78080187]]]},"geometry_name":"geom","properties":{"gid":null,"shape_leng":null,"layer":7002,"medium":"T","z":64.78,"layer_name":"road_edge"}},{"type":"Feature","id":"lm17_line_road_edge.209398","geometry":{"type":"MultiLineString","coordinates":[[[28.84917038,47.01848234,63.93285599],[28.84915823,47.01849665,63.96675447]]]},"geometry_name":"geom","properties":{"gid":null,"shape_leng":null,"layer":7002,"medium":"T","z":63.95,"layer_name":"road_edge"}},{"type":"Feature","id":"lm17_line_road_edge.209399","geometry":{"type":"MultiLineString","coordinates":[[[28.84915823,47.01849665,63.96675419],[28.849058,47.01861476,64.24647655]]]},"geometry_name":"geom","properties":{"gid":null,"shape_leng":null,"layer":7002,"medium":"T","z":64.11,"layer_name":"road_edge"}},{"type":"Feature","id":"lm17_line_road_edge.209409","geometry":{"type":"MultiLineString","coordinates":[[[28.84863454,47.01913641,64.78080187],[28.8485822,47.01920403,64.78080188],[28.84847357,47.01933308,65.47120776]]]},"geometry_name":"geom","properties":{"gid":null,"shape_leng":null,"layer":7002,"medium":"T","z":65.13,"layer_name":"road_edge"}},{"type":"Feature","id":"lm17_line_road_edge.209414","geometry":{"type":"MultiLineString","coordinates":[[[28.84690807,47.01932895,68.98290932],[28.8474626,47.01896322,67.94140334],[28.84813098,47.01851494,66.5310514]]]},"geometry_name":"geom","properties":{"gid":null,"shape_leng":null,"layer":7002,"medium":"T","z":67.76,"layer_name":"road_edge"}},{"type":"Feature","id":"lm17_line_road_edge.209415","geometry":{"type":"MultiLineString","coordinates":[[[28.84813098,47.01851494,66.5310514],[28.84815636,47.01849792,66.47749852],[28.84820482,47.01846586,66.38411677]]]},"geometry_name":"geom","properties":{"gid":null,"shape_leng":null,"layer":7002,"medium":"T","z":66.46,"layer_name":"road_edge"}},{"type":"Feature","id":"lm17_line_road_edge.209416","geometry":{"type":"MultiLineString","coordinates":[[[28.84820482,47.01846586,66.38411832],[28.84869738,47.01814007,65.43506864]]]},"geometry_name":"geom","properties":{"gid":null,"shape_leng":null,"layer":7002,"medium":"T","z":65.91,"layer_name":"road_edge"}},{"type":"Feature","id":"lm17_line_road_edge.209417","geometry":{"type":"MultiLineString","coordinates":[[[28.84146829,47.02302191,73.54994356],[28.84170035,47.02286842,73.46279389],[28.84240176,47.02237597,73.83421229]]]},"geometry_name":"geom","properties":{"gid":null,"shape_leng":null,"layer":7002,"medium":"T","z":73.65,"layer_name":"road_edge"}},{"type":"Feature","id":"lm17_line_road_edge.209418","geometry":{"type":"MultiLineString","coordinates":[[[28.84240176,47.02237597,73.83421227],[28.84242366,47.02236059,74.19347039]]]},"geometry_name":"geom","properties":{"gid":null,"shape_leng":null,"layer":7002,"medium":"T","z":74.01,"layer_name":"road_edge"}},{"type":"Feature","id":"lm17_line_road_edge.209419","geometry":{"type":"MultiLineString","coordinates":[[[28.84242366,47.02236059,74.19347039],[28.84243744,47.02235092,74.19183414]]]},"geometry_name":"geom","properties":{"gid":null,"shape_leng":null,"layer":7002,"medium":"T","z":74.19,"layer_name":"road_edge"}},{"type":"Feature","id":"lm17_line_road_edge.209420","geometry":{"type":"MultiLineString","coordinates":[[[28.84243744,47.02235092,74.19183414],[28.84247506,47.0223245,73.87302186]]]},"geometry_name":"geom","properties":{"gid":null,"shape_leng":null,"layer":7002,"medium":"T","z":74.03,"layer_name":"road_edge"}},{"type":"Feature","id":"lm17_line_road_edge.209421","geometry":{"type":"MultiLineString","coordinates":[[[28.84247506,47.0223245,73.87302186],[28.842552,47.02227049,73.91376272],[28.84263255,47.02221754,73.98793887]]]},"geometry_name":"geom","properties":{"gid":null,"shape_leng":null,"layer":7002,"medium":"T","z":73.93,"layer_name":"road_edge"}},{"type":"Feature","id":"lm17_line_road_edge.209435","geometry":{"type":"MultiLineString","coordinates":[[[28.8477521,47.02025456,66.15960569],[28.84769843,47.02033271,66.15960569],[28.84736555,47.0208658,66.55347235],[28.84719243,47.02113587,67.17930767]]]},"geometry_name":"geom","properties":{"gid":null,"shape_leng":null,"layer":7002,"medium":"T","z":66.67,"layer_name":"road_edge"}},{"type":"Feature","id":"lm17_line_road_edge.209436","geometry":{"type":"MultiLineString","coordinates":[[[28.84719243,47.02113587,67.17930767],[28.84713347,47.02122784,67.39244805]]]},"geometry_name":"geom","properties":{"gid":null,"shape_leng":null,"layer":7002,"medium":"T","z":67.29,"layer_name":"road_edge"}},{"type":"Feature","id":"lm17_line_road_edge.209437","geometry":{"type":"MultiLineString","coordinates":[[[28.84713347,47.02122784,67.39244805],[28.8470783,47.02131329,67.39244804],[28.84693224,47.02153385,67.34120567],[28.84691363,47.02154913,67.27641387],[28.84687085,47.02158093,67.21978251],[28.84682546,47.02161069,67.23754932],[28.84677744,47.02163844,67.32964417],[28.84672695,47.02166407,67.49570363],[28.84667241,47.02168828,67.73507231],[28.84640625,47.02181457,67.73507233]]]},"geometry_name":"geom","properties":{"gid":null,"shape_leng":null,"layer":7002,"medium":"T","z":67.48,"layer_name":"road_edge"}},{"type":"Feature","id":"lm17_line_road_edge.209452","geometry":{"type":"MultiLineString","coordinates":[[[28.84097808,47.0247686,70.8033914],[28.84074577,47.02459338,71.45041798],[28.84005021,47.02411042,73.62761426],[28.84001183,47.02408377,73.74783046]]]},"geometry_name":"geom","properties":{"gid":null,"shape_leng":null,"layer":7002,"medium":"T","z":72.28,"layer_name":"road_edge"}},{"type":"Feature","id":"lm17_line_road_edge.209454","geometry":{"type":"MultiLineString","coordinates":[[[28.84777308,47.02007895,66.4048675],[28.84770502,47.02003308,66.54822843],[28.8468799,47.01944828,68.92486825]]]},"geometry_name":"geom","properties":{"gid":null,"shape_leng":null,"layer":7002,"medium":"T","z":67.66,"layer_name":"road_edge"}},{"type":"Feature","id":"lm17_line_road_edge.209455","geometry":{"type":"MultiLineString","coordinates":[[[28.84002929,47.02399226,74.10529485],[28.84001453,47.02399749,74.05035695],[28.84000177,47.02400478,73.99339138],[28.83999159,47.02401377,73.93706179],[28.83998447,47.02402404,73.8840021],[28.83998075,47.02403512,73.83669331],[28.8399806,47.02404649,73.79734753],[28.83998403,47.02405762,73.76780453],[28.83999088,47.02406798,73.74944569],[28.84000082,47.02407709,73.74312947],[28.84001183,47.02408377,73.74783046]]]},"geometry_name":"geom","properties":{"gid":null,"shape_leng":null,"layer":7002,"medium":"T","z":73.92,"layer_name":"road_edge"}},{"type":"Feature","id":"lm17_line_road_edge.209456","geometry":{"type":"MultiLineString","coordinates":[[[28.83998433,47.02412877,73.68719349],[28.84000335,47.02414198,73.62761426],[28.84069796,47.02462428,71.45041798],[28.8409048,47.02478029,70.87256662]]]},"geometry_name":"geom","properties":{"gid":null,"shape_leng":null,"layer":7002,"medium":"T","z":72.28,"layer_name":"road_edge"}},{"type":"Feature","id":"lm17_line_road_edge.209457","geometry":{"type":"MultiLineString","coordinates":[[[28.8424331,47.02384082,72.17927757],[28.84198662,47.02350739,72.6704861]]]},"geometry_name":"geom","properties":{"gid":null,"shape_leng":null,"layer":7002,"medium":"T","z":72.42,"layer_name":"road_edge"}},{"type":"Feature","id":"lm17_line_road_edge.209458","geometry":{"type":"MultiLineString","coordinates":[[[28.84124634,47.02317266,73.51186947],[28.84126026,47.02316661,73.44611242],[28.84127545,47.02316221,73.38871774],[28.84129148,47.02315958,73.34125101],[28.84130793,47.02315879,73.30500699],[28.84132435,47.02315986,73.28097434],[28.84134028,47.02316277,73.26980859],[28.841351,47.02316588,73.26985018]]]},"geometry_name":"geom","properties":{"gid":null,"shape_leng":null,"layer":7002,"medium":"T","z":73.39,"layer_name":"road_edge"}},{"type":"Feature","id":"lm17_line_road_edge.209459","geometry":{"type":"MultiLineString","coordinates":[[[28.8414607,47.02311461,73.24911148],[28.84145154,47.0231053,73.22993426],[28.84144468,47.02309512,73.22471551],[28.8414403,47.02308431,73.2335904],[28.84143852,47.02307316,73.25632906],[28.84143937,47.02306196,73.29234257],[28.84144283,47.023051,73.34069821],[28.84144883,47.02304056,73.40014359],[28.84145719,47.02303091,73.46913911],[28.84146829,47.02302191,73.54994356]]]},"geometry_name":"geom","properties":{"gid":null,"shape_leng":null,"layer":7002,"medium":"T","z":73.39,"layer_name":"road_edge"}},{"type":"Feature","id":"lm17_line_road_edge.209460","geometry":{"type":"MultiLineString","coordinates":[[[28.841351,47.02316588,73.26985018],[28.84234782,47.02391034,72.1665105]]]},"geometry_name":"geom","properties":{"gid":null,"shape_leng":null,"layer":7002,"medium":"T","z":72.72,"layer_name":"road_edge"}},{"type":"Feature","id":"lm17_line_road_edge.209461","geometry":{"type":"MultiLineString","coordinates":[[[28.84090746,47.02486459,70.55637996],[28.84091576,47.02485487,70.52001341],[28.84092173,47.02484438,70.50601534],[28.84092522,47.02483338,70.51473043],[28.84092616,47.02482214,70.54594408],[28.84092451,47.02481094,70.59888771],[28.84092032,47.02480006,70.67225768],[28.8409137,47.02478976,70.76424736],[28.8409048,47.02478029,70.87256662]]]},"geometry_name":"geom","properties":{"gid":null,"shape_leng":null,"layer":7002,"medium":"T","z":70.69,"layer_name":"road_edge"}},{"type":"Feature","id":"lm17_line_road_edge.209462","geometry":{"type":"MultiLineString","coordinates":[[[28.84097808,47.0247686,70.8033914],[28.84099334,47.02477279,70.74565335],[28.84100947,47.02477499,70.70090541],[28.84102591,47.02477513,70.67067141],[28.84104211,47.02477319,70.65598093],[28.84106004,47.02476839,70.65918635]]]},"geometry_name":"geom","properties":{"gid":null,"shape_leng":null,"layer":7002,"medium":"T","z":70.73,"layer_name":"road_edge"}},{"type":"Feature","id":"lm17_line_road_edge.209463","geometry":{"type":"MultiLineString","coordinates":[[[28.84234553,47.02396693,71.94788005],[28.84235336,47.02395724,72.04099164],[28.84235796,47.02394662,72.11323746],[28.84235912,47.02393558,72.16123937],[28.84235679,47.02392462,72.18275286],[28.84235106,47.02391427,72.17677198],[28.84234782,47.02391034,72.1665105]]]},"geometry_name":"geom","properties":{"gid":null,"shape_leng":null,"layer":7002,"medium":"T","z":72.07,"layer_name":"road_edge"}},{"type":"Feature","id":"lm17_line_road_edge.209464","geometry":{"type":"MultiLineString","coordinates":[[[28.8424331,47.02384082,72.17927757],[28.84244585,47.0238477,72.25502792],[28.84246023,47.02385285,72.30051195],[28.84247575,47.02385612,72.31418076],[28.84249188,47.02385737,72.29556887],[28.84250808,47.02385658,72.24531009],[28.84252379,47.02385376,72.16511591],[28.84253847,47.02384902,72.05771727],[28.84254469,47.02384626,72.00068723]]]},"geometry_name":"geom","properties":{"gid":null,"shape_leng":null,"layer":7002,"medium":"T","z":72.16,"layer_name":"road_edge"}},{"type":"Feature","id":"lm17_line_road_edge.209465","geometry":{"type":"MultiLineString","coordinates":[[[28.84263255,47.02221754,73.98793887],[28.84264355,47.02220921,73.92803022],[28.84265621,47.02220207,73.86955904],[28.84267026,47.02219627,73.81377153],[28.84268539,47.02219192,73.76185671],[28.84270128,47.02218913,73.71492105],[28.8427176,47.02218795,73.67396491],[28.842734,47.02218841,73.6398612],[28.84275012,47.0221905,73.61333677],[28.84276563,47.02219417,73.59495695],[28.84278019,47.02219934,73.58511347],[28.84279971,47.02220976,73.58684437]]]},"geometry_name":"geom","properties":{"gid":null,"shape_leng":null,"layer":7002,"medium":"T","z":73.79,"layer_name":"road_edge"}},{"type":"Feature","id":"lm17_line_road_edge.209466","geometry":{"type":"MultiLineString","coordinates":[[[28.84286151,47.02214924,73.61277796],[28.84285702,47.02213837,73.61133913],[28.84285431,47.02212724,73.62104598],[28.8428534,47.02211596,73.64178068],[28.84285432,47.02210469,73.67329154],[28.84285704,47.02209356,73.71519606],[28.84286154,47.02208269,73.76698557],[28.84286775,47.02207223,73.82803142],[28.84287561,47.0220623,73.8975926],[28.84288502,47.02205303,73.97482473],[28.84289765,47.02204329,74.07217444]]]},"geometry_name":"geom","properties":{"gid":null,"shape_leng":null,"layer":7002,"medium":"T","z":73.84,"layer_name":"road_edge"}},{"type":"Feature","id":"lm17_line_road_edge.209467","geometry":{"type":"MultiLineString","coordinates":[[[28.84289765,47.02204329,74.07217444],[28.84328072,47.02179149,73.83533336],[28.84397744,47.0213088,73.35168563],[28.84467031,47.02084094,72.92953836]]]},"geometry_name":"geom","properties":{"gid":null,"shape_leng":null,"layer":7002,"medium":"T","z":73.5,"layer_name":"road_edge"}},{"type":"Feature","id":"lm17_line_road_edge.209468","geometry":{"type":"MultiLineString","coordinates":[[[28.8435912,47.02481218,69.47881172],[28.84404477,47.02512798,68.1482981]]]},"geometry_name":"geom","properties":{"gid":null,"shape_leng":null,"layer":7002,"medium":"T","z":68.81,"layer_name":"road_edge"}},{"type":"Feature","id":"lm17_line_road_edge.209469","geometry":{"type":"MultiLineString","coordinates":[[[28.84279971,47.02220976,73.58684437],[28.84293673,47.02231303,73.31837791],[28.8432668,47.02252768,72.92506341],[28.84359749,47.02277661,71.94177715],[28.84388868,47.02300796,71.12355716]]]},"geometry_name":"geom","properties":{"gid":null,"shape_leng":null,"layer":7002,"medium":"T","z":72.36,"layer_name":"road_edge"}},{"type":"Feature","id":"lm17_line_road_edge.209470","geometry":{"type":"MultiLineString","coordinates":[[[28.84387949,47.02307854,70.88150904],[28.84388794,47.02306908,70.82717892],[28.84389406,47.0230588,70.804884],[28.8438977,47.02304799,70.81520171],[28.84389875,47.02303692,70.85786484],[28.84389719,47.02302588,70.93176842],[28.84389306,47.02301515,71.03499839],[28.84388868,47.02300796,71.12355716]]]},"geometry_name":"geom","properties":{"gid":null,"shape_leng":null,"layer":7002,"medium":"T","z":70.96,"layer_name":"road_edge"}},{"type":"Feature","id":"lm17_line_road_edge.209471","geometry":{"type":"MultiLineString","coordinates":[[[28.84396978,47.02296208,71.11920555],[28.84398226,47.02296932,71.0642319],[28.84399617,47.0229752,71.0140628],[28.8440112,47.0229796,70.96981895],[28.84402703,47.02298242,70.93248869],[28.8440433,47.0229836,70.9029059],[28.84405964,47.0229831,70.88173143],[28.84407569,47.02298094,70.86943826],[28.84409438,47.02297613,70.86685654]]]},"geometry_name":"geom","properties":{"gid":null,"shape_leng":null,"layer":7002,"medium":"T","z":70.99,"layer_name":"road_edge"}},{"type":"Feature","id":"lm17_line_road_edge.209472","geometry":{"type":"MultiLineString","coordinates":[[[28.84669476,47.02212139,67.10818861],[28.84663079,47.02207954,67.29648499],[28.84643718,47.02194797,67.5920802],[28.84642297,47.0219349,67.61641921]]]},"geometry_name":"geom","properties":{"gid":null,"shape_leng":null,"layer":7002,"medium":"T","z":67.36,"layer_name":"road_edge"}},{"type":"Feature","id":"lm17_line_road_edge.209473","geometry":{"type":"MultiLineString","coordinates":[[[28.84627001,47.0218114,68.03401605],[28.84623577,47.02178694,68.1562675],[28.84601399,47.02163224,68.74675384],[28.84570092,47.02141163,69.73089773],[28.8453703,47.0211678,70.51821285],[28.84500823,47.02092008,71.8960143],[28.84485274,47.02081198,72.48211501]]]},"geometry_name":"geom","properties":{"gid":null,"shape_leng":null,"layer":7002,"medium":"T","z":70.26,"layer_name":"road_edge"}},{"type":"Feature","id":"lm17_line_road_edge.209474","geometry":{"type":"MultiLineString","coordinates":[[[28.84467031,47.02084094,72.92953836],[28.84468537,47.02083668,72.80561515],[28.84470126,47.02083422,72.69831654],[28.84471753,47.02083363,72.61072929],[28.84473372,47.02083493,72.54537315],[28.84474935,47.02083808,72.50412828],[28.84476398,47.02084299,72.48818122],[28.84478085,47.0208518,72.50603836]]]},"geometry_name":"geom","properties":{"gid":null,"shape_leng":null,"layer":7002,"medium":"T","z":72.71,"layer_name":"road_edge"}},{"type":"Feature","id":"lm17_line_road_edge.209475","geometry":{"type":"MultiLineString","coordinates":[[[28.84485274,47.02081198,72.48211501],[28.84484319,47.02080278,72.53179028],[28.84483581,47.02079269,72.57788983],[28.84483077,47.02078195,72.61933313],[28.84482818,47.02077081,72.65514879],[28.84482811,47.02075952,72.68449731],[28.84483056,47.02074837,72.70669079],[28.84483547,47.02073759,72.72120904],[28.84484273,47.02072746,72.72771175],[28.84485626,47.02071498,72.72328907]]]},"geometry_name":"geom","properties":{"gid":null,"shape_leng":null,"layer":7002,"medium":"T","z":72.6,"layer_name":"road_edge"}},{"type":"Feature","id":"lm17_line_road_edge.209476","geometry":{"type":"MultiLineString","coordinates":[[[28.84478085,47.0208518,72.50603836],[28.84494285,47.02096442,71.8960143],[28.84530396,47.02121148,70.51821285],[28.84563412,47.02145497,69.73089773],[28.84594808,47.02167621,68.74675384],[28.84616963,47.02183075,68.1562675],[28.8461978,47.02185088,68.05622995]]]},"geometry_name":"geom","properties":{"gid":null,"shape_leng":null,"layer":7002,"medium":"T","z":70.28,"layer_name":"road_edge"}},{"type":"Feature","id":"lm17_line_road_edge.209477","geometry":{"type":"MultiLineString","coordinates":[[[28.84636295,47.02195016,67.64449876],[28.8464028,47.02198194,67.60470882],[28.84657557,47.02210439,67.53824355],[28.84669736,47.02218348,66.91105036]]]},"geometry_name":"geom","properties":{"gid":null,"shape_leng":null,"layer":7002,"medium":"T","z":67.28,"layer_name":"road_edge"}},{"type":"Feature","id":"lm17_line_road_edge.209478","geometry":{"type":"MultiLineString","coordinates":[[[28.84485626,47.02071498,72.72328907],[28.84533132,47.02039221,71.97263602],[28.84595039,47.0199854,70.7635167],[28.84664309,47.01950623,69.47874738]]]},"geometry_name":"geom","properties":{"gid":null,"shape_leng":null,"layer":7002,"medium":"T","z":71.1,"layer_name":"road_edge"}},{"type":"Feature","id":"lm17_line_road_edge.209479","geometry":{"type":"MultiLineString","coordinates":[[[28.84619091,47.02191922,67.97621948],[28.84619899,47.02190959,68.00224045],[28.84620464,47.02189919,68.02397275],[28.84620771,47.0218883,68.0408236],[28.84620812,47.0218772,68.05233334],[28.84620585,47.02186621,68.05818802],[28.8461978,47.02185088,68.05622995]]]},"geometry_name":"geom","properties":{"gid":null,"shape_leng":null,"layer":7002,"medium":"T","z":68.02,"layer_name":"road_edge"}},{"type":"Feature","id":"lm17_line_road_edge.209480","geometry":{"type":"MultiLineString","coordinates":[[[28.84627001,47.0218114,68.03401605],[28.8462852,47.02181582,67.96397573],[28.84630095,47.0218192,67.90221192],[28.84631711,47.0218215,67.84931943],[28.84633352,47.02182271,67.80580765],[28.84635002,47.02182282,67.77209561],[28.84636647,47.02182182,67.74850799],[28.84638269,47.02181972,67.73527194],[28.84640625,47.02181457,67.73507233]]]},"geometry_name":"geom","properties":{"gid":null,"shape_leng":null,"layer":7002,"medium":"T","z":67.88,"layer_name":"road_edge"}},{"type":"Feature","id":"lm17_line_road_edge.209481","geometry":{"type":"MultiLineString","coordinates":[[[28.84629032,47.02194759,67.86913579],[28.84630142,47.02194239,67.80112842],[28.84631411,47.02193933,67.74076191],[28.84632752,47.02193862,67.69215014],[28.84634075,47.02194031,67.65860592],[28.84635288,47.02194428,67.64241523],[28.84636295,47.02195016,67.64449876]]]},"geometry_name":"geom","properties":{"gid":null,"shape_leng":null,"layer":7002,"medium":"T","z":67.76,"layer_name":"road_edge"}},{"type":"Feature","id":"lm17_line_road_edge.209482","geometry":{"type":"MultiLineString","coordinates":[[[28.84642297,47.0219349,67.61641921],[28.84641647,47.02192438,67.65660704],[28.84641383,47.02191311,67.69036565],[28.84641523,47.02190172,67.71573312],[28.84642056,47.0218909,67.73123519],[28.84642953,47.02188126,67.73597093],[28.84643328,47.02187838,67.73507233]]]},"geometry_name":"geom","properties":{"gid":null,"shape_leng":null,"layer":7002,"medium":"T","z":67.68,"layer_name":"road_edge"}},{"type":"Feature","id":"lm17_line_road_edge.209483","geometry":{"type":"MultiLineString","coordinates":[[[28.84880629,47.02081783,63.20484568],[28.84840572,47.02053931,64.19267402],[28.84795538,47.02022203,65.95054655]]]},"geometry_name":"geom","properties":{"gid":null,"shape_leng":null,"layer":7002,"medium":"T","z":64.58,"layer_name":"road_edge"}},{"type":"Feature","id":"lm17_line_road_edge.209484","geometry":{"type":"MultiLineString","coordinates":[[[28.84680933,47.0195019,68.92486825],[28.84677741,47.01949687,69.1417401],[28.84674481,47.01949465,69.30831071],[28.84671207,47.01949526,69.4218999],[28.8466797,47.01949871,69.48067998],[28.84664823,47.01950493,69.48370515],[28.84664309,47.01950623,69.47874738]]]},"geometry_name":"geom","properties":{"gid":null,"shape_leng":null,"layer":7002,"medium":"T","z":69.2,"layer_name":"road_edge"}},{"type":"Feature","id":"lm17_line_road_edge.209485","geometry":{"type":"MultiLineString","coordinates":[[[28.8468799,47.01944828,68.92486825],[28.84687541,47.0194374,68.93602056],[28.84687231,47.0194263,68.94617593],[28.84687061,47.01941507,68.95525917],[28.84687033,47.01940377,68.96320302],[28.84687147,47.0193925,68.96994868],[28.84687402,47.01938133,68.9754462],[28.84687797,47.01937036,68.97965489],[28.84688328,47.01935966,68.98254357],[28.84688992,47.01934931,68.98409087],[28.84689783,47.01933939,68.98428533],[28.84690807,47.01932895,68.98290932]]]},"geometry_name":"geom","properties":{"gid":null,"shape_leng":null,"layer":7002,"medium":"T","z":68.95,"layer_name":"road_edge"}},{"type":"Feature","id":"lm17_line_road_edge.209486","geometry":{"type":"MultiLineString","coordinates":[[[28.84680933,47.0195019,68.92486825],[28.84763022,47.0200837,66.54822843],[28.84773236,47.02015253,66.33337879]]]},"geometry_name":"geom","properties":{"gid":null,"shape_leng":null,"layer":7002,"medium":"T","z":67.63,"layer_name":"road_edge"}},{"type":"Feature","id":"lm17_line_road_edge.209487","geometry":{"type":"MultiLineString","coordinates":[[[28.84797888,47.02032288,65.55615379],[28.84834982,47.02058239,64.1905171],[28.8488074,47.02090387,63.40288166],[28.84883841,47.02092458,63.24212474]]]},"geometry_name":"geom","properties":{"gid":null,"shape_leng":null,"layer":7002,"medium":"T","z":64.4,"layer_name":"road_edge"}},{"type":"Feature","id":"lm17_line_road_edge.209488","geometry":{"type":"MultiLineString","coordinates":[[[28.8477521,47.02025456,66.15960569],[28.84775651,47.02024371,66.19649344],[28.84775938,47.02023262,66.22958916],[28.8477607,47.02022139,66.25859312],[28.84776045,47.02021012,66.28324265],[28.84775863,47.02019892,66.30331454],[28.84775527,47.0201879,66.318627],[28.84775039,47.02017713,66.32904136],[28.84774404,47.02016674,66.33446332],[28.84773236,47.02015253,66.33337879]]]},"geometry_name":"geom","properties":{"gid":null,"shape_leng":null,"layer":7002,"medium":"T","z":66.25,"layer_name":"road_edge"}},{"type":"Feature","id":"lm17_line_road_edge.209489","geometry":{"type":"MultiLineString","coordinates":[[[28.84777786,47.02008216,66.39481644],[28.84779314,47.02008659,66.31583215],[28.8478093,47.02008919,66.24518091],[28.84782587,47.02008988,66.1848952],[28.84784238,47.02008865,66.13670935],[28.84785834,47.02008553,66.10200956],[28.8478733,47.02008061,66.0817941]]]},"geometry_name":"geom","properties":{"gid":null,"shape_leng":null,"layer":7002,"medium":"T","z":66.24,"layer_name":"road_edge"}},{"type":"Feature","id":"lm17_line_road_edge.209490","geometry":{"type":"MultiLineString","coordinates":[[[28.84780106,47.02033139,66.15960569],[28.84781521,47.02032582,66.2261144],[28.84783002,47.02032111,66.26943228],[28.84784537,47.0203173,66.28922966],[28.84786115,47.02031442,66.28535585],[28.84787723,47.0203125,66.25784036],[28.8478935,47.02031154,66.20689257],[28.84790983,47.02031155,66.13290025],[28.8479261,47.02031253,66.03642651],[28.84794218,47.02031448,65.91820558],[28.84795795,47.02031739,65.77913719],[28.84797888,47.02032288,65.55615379]]]},"geometry_name":"geom","properties":{"gid":null,"shape_leng":null,"layer":7002,"medium":"T","z":65.92,"layer_name":"road_edge"}},{"type":"Feature","id":"lm17_line_road_edge.209491","geometry":{"type":"MultiLineString","coordinates":[[[28.84795538,47.02022203,65.95054655],[28.84794431,47.02021336,65.95570209]]]},"geometry_name":"geom","properties":{"gid":null,"shape_leng":null,"layer":7002,"medium":"T","z":65.95,"layer_name":"road_edge"}},{"type":"Feature","id":"lm17_line_road_edge.209492","geometry":{"type":"MultiLineString","coordinates":[[[28.84794431,47.02021336,65.95570209],[28.84793585,47.02020443,66.03062679],[28.84792962,47.0201942,66.06251468],[28.84792601,47.02018339,66.08768903],[28.84792512,47.02017232,66.10542563],[28.84792697,47.02016131,66.11521421],[28.84793153,47.02015067,66.11677318],[28.84793814,47.02014129,66.11069471]]]},"geometry_name":"geom","properties":{"gid":null,"shape_leng":null,"layer":7002,"medium":"T","z":66.04,"layer_name":"road_edge"}},{"type":"Feature","id":"lm17_line_road_edge.209493","geometry":{"type":"MultiLineString","coordinates":[[[28.84869738,47.01814007,65.43506864],[28.84871175,47.0181344,65.36289771],[28.84872722,47.01813029,65.29735896],[28.84874343,47.01812784,65.23998857],[28.84875999,47.01812712,65.19213127],[28.84877652,47.01812813,65.15490877],[28.84879262,47.01813085,65.12919354],[28.84880794,47.01813523,65.11558834],[28.84882401,47.01814212,65.11527023]]]},"geometry_name":"geom","properties":{"gid":null,"shape_leng":null,"layer":7002,"medium":"T","z":65.28,"layer_name":"road_edge"}},{"type":"Feature","id":"lm17_line_road_edge.209494","geometry":{"type":"MultiLineString","coordinates":[[[28.84882401,47.01814212,65.11527023],[28.84916376,47.01837571,64.2510853]]]},"geometry_name":"geom","properties":{"gid":null,"shape_leng":null,"layer":7002,"medium":"T","z":64.68,"layer_name":"road_edge"}},{"type":"Feature","id":"lm17_line_road_edge.209495","geometry":{"type":"MultiLineString","coordinates":[[[28.84938255,47.01852594,63.64597002],[28.84940354,47.01854035,63.58565063],[28.84989337,47.01887866,61.88199044],[28.84991089,47.01889075,61.82106319]]]},"geometry_name":"geom","properties":{"gid":null,"shape_leng":null,"layer":7002,"medium":"T","z":62.73,"layer_name":"road_edge"}},{"type":"Feature","id":"lm17_line_road_edge.209501","geometry":{"type":"MultiLineString","coordinates":[[[28.84917038,47.01848234,63.93285599],[28.84917703,47.01847205,63.91034033],[28.8491821,47.01846136,63.90041284],[28.84918553,47.01845036,63.90317874],[28.8491873,47.01843918,63.91860873],[28.84918737,47.01842793,63.94653923]]]},"geometry_name":"geom","properties":{"gid":null,"shape_leng":null,"layer":7002,"medium":"T","z":63.92,"layer_name":"road_edge"}},{"type":"Feature","id":"lm17_line_road_edge.209502","geometry":{"type":"MultiLineString","coordinates":[[[28.84918737,47.01842793,63.94653923],[28.84918575,47.01841674,63.98667418],[28.84918246,47.01840573,64.03858814],[28.84917753,47.018395,64.10173081],[28.84917102,47.01838467,64.17543285],[28.84916376,47.01837571,64.2510853]]]},"geometry_name":"geom","properties":{"gid":null,"shape_leng":null,"layer":7002,"medium":"T","z":64.1,"layer_name":"road_edge"}},{"type":"Feature","id":"lm17_line_road_edge.209503","geometry":{"type":"MultiLineString","coordinates":[[[28.84923903,47.01852688,63.96318915],[28.84925405,47.0185221,63.89290153],[28.84926973,47.01851844,63.83005856],[28.84928589,47.01851594,63.77537228],[28.84930235,47.01851463,63.7294623],[28.84931892,47.01851452,63.69284881],[28.84933541,47.01851562,63.66594665],[28.84935164,47.01851791,63.64906064],[28.84936742,47.01852137,63.64238209],[28.84938255,47.01852594,63.64597002]]]},"geometry_name":"geom","properties":{"gid":null,"shape_leng":null,"layer":7002,"medium":"T","z":63.8,"layer_name":"road_edge"}},{"type":"Feature","id":"lm17_line_road_edge.209504","geometry":{"type":"MultiLineString","coordinates":[[[28.85024664,47.01878207,61.38815655],[28.8500946,47.01854053,62.13098661],[28.85006614,47.01849844,62.22569901],[28.85003285,47.01845728,62.34422759],[28.84999532,47.01841786,62.48595793],[28.84995373,47.01838039,62.65015534],[28.84990832,47.01834507,62.83596868],[28.84986031,47.01831274,63.04243472],[28.84950784,47.0180784,64.08322167],[28.8492753,47.01792402,64.87970929]]]},"geometry_name":"geom","properties":{"gid":null,"shape_leng":null,"layer":7002,"medium":"T","z":63.13,"layer_name":"road_edge"}},{"type":"Feature","id":"lm17_line_road_edge.209515","geometry":{"type":"MultiLineString","coordinates":[[[28.84713419,47.01654029,68.90893874],[28.84717088,47.01655957,68.79417785],[28.84720546,47.01658059,68.70666169],[28.84723787,47.01660337,68.64684305],[28.84726165,47.0166223,68.62074991],[28.84762953,47.01687397,67.63410407],[28.84790065,47.01706113,67.10900179],[28.84803705,47.01715529,66.8447874],[28.84892974,47.01777611,65.85814156],[28.84905322,47.01785808,65.43640434],[28.84944827,47.01812034,64.08322167],[28.84980052,47.01835454,63.04243472],[28.84984614,47.01838526,62.83596868],[28.84988749,47.01841742,62.65015534]]]},"geometry_name":"geom","properties":{"gid":null,"shape_leng":null,"layer":7002,"medium":"T","z":65.78,"layer_name":"road_edge"}},{"type":"Feature","id":"lm17_line_road_edge.209516","geometry":{"type":"MultiLineString","coordinates":[[[28.84988749,47.01841742,62.65015534],[28.84992535,47.01845153,62.48595793],[28.84995952,47.01848742,62.34422759],[28.84998983,47.0185249,62.22569901],[28.85001652,47.01856437,62.13098661],[28.85013925,47.01875932,61.53062478]]]},"geometry_name":"geom","properties":{"gid":null,"shape_leng":null,"layer":7002,"medium":"T","z":62.09,"layer_name":"road_edge"}},{"type":"Feature","id":"lm17_line_road_edge.209598","geometry":{"type":"MultiLineString","coordinates":[[[28.85010904,47.01877192,61.78202307],[28.8496228,47.0184251,63.47592843]]]},"geometry_name":"geom","properties":{"gid":null,"shape_leng":null,"layer":7002,"medium":"T","z":62.63,"layer_name":"road_edge"}},{"type":"Feature","id":"lm17_line_road_edge.209599","geometry":{"type":"MultiLineString","coordinates":[[[28.8496228,47.0184251,63.47592843],[28.84960235,47.01841051,63.5471664],[28.84942137,47.01829772,64.06998792],[28.84892147,47.01794127,65.36647695]]]},"geometry_name":"geom","properties":{"gid":null,"shape_leng":null,"layer":7002,"medium":"T","z":64.42,"layer_name":"road_edge"}},{"type":"Feature","id":"lm17_line_road_edge.209619","geometry":{"type":"MultiLineString","coordinates":[[[28.85070786,47.02400479,56.89634388],[28.85045131,47.02422215,57.38255001],[28.85015608,47.02448284,57.8197569],[28.84991399,47.0246966,58.17815256],[28.849565,47.02501952,58.8060689]]]},"geometry_name":"geom","properties":{"gid":null,"shape_leng":null,"layer":7002,"medium":"T","z":57.85,"layer_name":"road_edge"}},{"type":"Feature","id":"lm17_line_road_edge.209702","geometry":{"type":"MultiLineString","coordinates":[[[28.84673341,47.02227821,66.51677388],[28.84670613,47.02251254,66.14664905],[28.84665565,47.02292321,65.81899759],[28.84665323,47.02294291,65.80340137]]]},"geometry_name":"geom","properties":{"gid":null,"shape_leng":null,"layer":7002,"medium":"T","z":66.16,"layer_name":"road_edge"}},{"type":"Feature","id":"lm17_line_road_edge.209731","geometry":{"type":"MultiLineString","coordinates":[[[28.84663886,47.02313541,65.57723185],[28.84663344,47.02324473,65.42705315],[28.84661736,47.02356941,64.97947755],[28.84659305,47.02386546,64.58411463],[28.84653281,47.02435935,63.59570732],[28.84647887,47.02469687,63.12809404]]]},"geometry_name":"geom","properties":{"gid":null,"shape_leng":null,"layer":7002,"medium":"T","z":64.35,"layer_name":"road_edge"}},{"type":"Feature","id":"lm17_line_road_edge.209732","geometry":{"type":"MultiLineString","coordinates":[[[28.84645534,47.02485644,62.73978213],[28.84644434,47.02494017,62.42088177],[28.8463674,47.02543718,61.234793],[28.84632555,47.02569426,60.64174862],[28.84629141,47.02594049,60.25230244]]]},"geometry_name":"geom","properties":{"gid":null,"shape_leng":null,"layer":7002,"medium":"T","z":61.5,"layer_name":"road_edge"}},{"type":"Feature","id":"lm17_line_road_edge.209740","geometry":{"type":"MultiLineString","coordinates":[[[28.85042482,47.02258056,56.1973644],[28.85000744,47.02246084,57.08347148],[28.8498909,47.02243006,57.37128646]]]},"geometry_name":"geom","properties":{"gid":null,"shape_leng":null,"layer":7002,"medium":"T","z":56.78,"layer_name":"road_edge"}},{"type":"Feature","id":"lm17_line_road_edge.209741","geometry":{"type":"MultiLineString","coordinates":[[[28.8498909,47.02243006,57.37128596],[28.84979702,47.02240526,57.6031545]]]},"geometry_name":"geom","properties":{"gid":null,"shape_leng":null,"layer":7002,"medium":"T","z":57.49,"layer_name":"road_edge"}},{"type":"Feature","id":"lm17_line_road_edge.209742","geometry":{"type":"MultiLineString","coordinates":[[[28.84979702,47.02240526,57.60315418],[28.84952739,47.02233405,58.26908174],[28.84912534,47.02221728,59.45469201],[28.84827702,47.02198405,62.61631938],[28.84805365,47.02192062,63.50647013]]]},"geometry_name":"geom","properties":{"gid":null,"shape_leng":null,"layer":7002,"medium":"T","z":60.55,"layer_name":"road_edge"}},{"type":"Feature","id":"lm17_line_road_edge.209743","geometry":{"type":"MultiLineString","coordinates":[[[28.84774539,47.02183635,64.69679674],[28.84711251,47.02167201,67.03994761],[28.84703028,47.02165339,67.10826419]]]},"geometry_name":"geom","properties":{"gid":null,"shape_leng":null,"layer":7002,"medium":"T","z":65.9,"layer_name":"road_edge"}},{"type":"Feature","id":"lm17_line_road_edge.209751","geometry":{"type":"MultiLineString","coordinates":[[[28.84251048,47.02406602,71.71158235],[28.84251048,47.02406602,71.71158235],[28.8433051,47.02461923,70.13296517],[28.84331959,47.02462886,70.10426127]]]},"geometry_name":"geom","properties":{"gid":null,"shape_leng":null,"layer":7002,"medium":"T","z":70.91,"layer_name":"road_edge"}},{"type":"Feature","id":"lm17_line_road_edge.209752","geometry":{"type":"MultiLineString","coordinates":[[[28.84350511,47.02475225,69.73133607],[28.8435912,47.02481218,69.47881172]]]},"geometry_name":"geom","properties":{"gid":null,"shape_leng":null,"layer":7002,"medium":"T","z":69.61,"layer_name":"road_edge"}},{"type":"Feature","id":"lm17_line_road_edge.209762","geometry":{"type":"MultiLineString","coordinates":[[[28.8468564,47.02172389,67.10826419],[28.84678588,47.0219577,67.13505635],[28.84675784,47.02211443,66.91105037]]]},"geometry_name":"geom","properties":{"gid":null,"shape_leng":null,"layer":7002,"medium":"T","z":67.02,"layer_name":"road_edge"}},{"type":"Feature","id":"lm17_line_road_edge.209768","geometry":{"type":"MultiLineString","coordinates":[[[28.84768317,47.02493405,59.63199701],[28.84794529,47.02471905,59.34902121],[28.84833163,47.02440576,59.15126321],[28.84871909,47.0241055,58.9535052],[28.84878954,47.02404612,58.78911331]]]},"geometry_name":"geom","properties":{"gid":null,"shape_leng":null,"layer":7002,"medium":"T","z":59.21,"layer_name":"road_edge"}},{"type":"Feature","id":"lm17_line_road_edge.209769","geometry":{"type":"MultiLineString","coordinates":[[[28.84878954,47.02404612,58.78911331],[28.84885252,47.02399305,58.64049861]]]},"geometry_name":"geom","properties":{"gid":null,"shape_leng":null,"layer":7002,"medium":"T","z":58.71,"layer_name":"road_edge"}},{"type":"Feature","id":"lm17_line_road_edge.209770","geometry":{"type":"MultiLineString","coordinates":[[[28.84885252,47.02399305,58.64049861],[28.84888749,47.02396358,58.55798919],[28.84924916,47.02368732,58.36023118],[28.84947303,47.0235077,57.96471517],[28.8500445,47.02303677,56.58040912],[28.85020315,47.02290925,56.38265111],[28.85041861,47.02274172,55.9871351],[28.85047686,47.02269357,55.9871351]]]},"geometry_name":"geom","properties":{"gid":null,"shape_leng":null,"layer":7002,"medium":"T","z":57.31,"layer_name":"road_edge"}},{"type":"Feature","id":"lm17_line_road_edge.209781","geometry":{"type":"MultiLineString","coordinates":[[[28.85161361,47.02152479,54.46977656],[28.85157022,47.02150912,54.55819477],[28.85135788,47.02142032,55.34876343],[28.85089133,47.02123664,56.13933209],[28.8502822,47.02098943,58.70868024],[28.84991882,47.02082981,60.48745973],[28.84955983,47.02068279,61.47567056],[28.84951666,47.02066522,61.47567056]]]},"geometry_name":"geom","properties":{"gid":null,"shape_leng":null,"layer":7002,"medium":"T","z":57.97,"layer_name":"road_edge"}},{"type":"Feature","id":"lm17_line_road_edge.209782","geometry":{"type":"MultiLineString","coordinates":[[[28.8493468,47.02059887,61.7485055],[28.84921948,47.02055098,62.13344931]]]},"geometry_name":"geom","properties":{"gid":null,"shape_leng":null,"layer":7002,"medium":"T","z":61.94,"layer_name":"road_edge"}},{"type":"Feature","id":"lm17_line_road_edge.209793","geometry":{"type":"MultiLineString","coordinates":[[[28.84331651,47.02470655,69.98931294],[28.84326594,47.02473891,70.0146452],[28.84280179,47.02509644,69.69445622]]]},"geometry_name":"geom","properties":{"gid":null,"shape_leng":null,"layer":7002,"medium":"T","z":69.85,"layer_name":"road_edge"}},{"type":"Feature","id":"lm17_line_road_edge.209800","geometry":{"type":"MultiLineString","coordinates":[[[28.84117245,47.02504003,70.26098062],[28.84108006,47.02495641,70.58076655],[28.84106941,47.02494962,70.58076655],[28.84105904,47.02494177,70.58076655]]]},"geometry_name":"geom","properties":{"gid":null,"shape_leng":null,"layer":7002,"medium":"T","z":70.42,"layer_name":"road_edge"}},{"type":"Feature","id":"lm17_line_road_edge.209813","geometry":{"type":"MultiLineString","coordinates":[[[28.84124119,47.02507596,70.24099076],[28.84134271,47.02503686,70.38441427],[28.84136988,47.02502944,70.46816401],[28.84139818,47.02502475,70.44279964],[28.84142717,47.02502287,70.30883752],[28.84145732,47.02502387,70.06900473],[28.84185376,47.02505409,70.18770912],[28.84243355,47.0251015,69.79429882],[28.84263024,47.02512557,69.79429882]]]},"geometry_name":"geom","properties":{"gid":null,"shape_leng":null,"layer":7002,"medium":"T","z":70.13,"layer_name":"road_edge"}},{"type":"Feature","id":"lm17_line_road_edge.209814","geometry":{"type":"MultiLineString","coordinates":[[[28.84269953,47.02510523,69.69991003],[28.84267762,47.02509852,69.73091863],[28.84264335,47.02509062,69.79429881],[28.84244131,47.02506589,69.79429882],[28.8418598,47.02501834,70.18770912],[28.84146151,47.02498798,70.06900473],[28.84142595,47.02498681,70.30883752],[28.84138947,47.02498917,70.44279964],[28.84135385,47.02499507,70.46816401],[28.84131994,47.02500433,70.38441427],[28.8412124,47.02504575,70.23575007]]]},"geometry_name":"geom","properties":{"gid":null,"shape_leng":null,"layer":7002,"medium":"T","z":70.08,"layer_name":"road_edge"}},{"type":"Feature","id":"lm17_line_road_edge.209822","geometry":{"type":"MultiLineString","coordinates":[[[28.84105904,47.02494177,70.58076655],[28.84105486,47.02493086,70.59151955],[28.8410521,47.02491975,70.60088119],[28.84105075,47.02490851,70.60878019],[28.84105085,47.02489724,70.61515647],[28.84105238,47.02488602,70.61996147],[28.84105534,47.02487493,70.62315864],[28.8410597,47.02486406,70.62472365],[28.84106876,47.02484839,70.6239957]]]},"geometry_name":"geom","properties":{"gid":null,"shape_leng":null,"layer":7002,"medium":"T","z":70.6,"layer_name":"road_edge"}},{"type":"Feature","id":"lm17_line_road_edge.209823","geometry":{"type":"MultiLineString","coordinates":[[[28.84092436,47.02494005,70.52268726],[28.84093207,47.02493551,70.5370192],[28.84094124,47.0249325,70.5506206],[28.84095124,47.02493121,70.56256457],[28.84096138,47.02493173,70.57203713],[28.84097098,47.02493403,70.57839275],[28.84097938,47.02493795,70.5811983],[28.84098481,47.02494203,70.58076655]]]},"geometry_name":"geom","properties":{"gid":null,"shape_leng":null,"layer":7002,"medium":"T","z":70.55,"layer_name":"road_edge"}},{"type":"Feature","id":"lm17_line_road_edge.209824","geometry":{"type":"MultiLineString","coordinates":[[[28.84231917,47.02406835,71.84209564],[28.84234979,47.02406021,71.80058789],[28.84238178,47.02405511,71.76623119],[28.8424145,47.02405313,71.73970935],[28.8424473,47.02405432,71.72155023],[28.84247954,47.02405865,71.71211525],[28.84251048,47.02406602,71.71158235]]]},"geometry_name":"geom","properties":{"gid":null,"shape_leng":null,"layer":7002,"medium":"T","z":71.78,"layer_name":"road_edge"}},{"type":"Feature","id":"lm17_line_road_edge.209825","geometry":{"type":"MultiLineString","coordinates":[[[28.84267177,47.02384873,71.9654884],[28.84266273,47.0238581,71.86498832],[28.84265587,47.0238683,71.77339524],[28.84265138,47.02387909,71.692856],[28.84264935,47.02389023,71.62525838],[28.84264983,47.02390145,71.57218681],[28.84265281,47.02391249,71.53488525],[28.84265822,47.02392309,71.514228],[28.8426701,47.02393717,71.51473882]]]},"geometry_name":"geom","properties":{"gid":null,"shape_leng":null,"layer":7002,"medium":"T","z":71.74,"layer_name":"road_edge"}},{"type":"Feature","id":"lm17_line_road_edge.209826","geometry":{"type":"MultiLineString","coordinates":[[[28.84331651,47.02470655,69.98931294],[28.84332561,47.02469716,70.02097573],[28.84333218,47.02468684,70.04881165],[28.84333603,47.02467588,70.07197492],[28.84333705,47.02466464,70.08976173],[28.84333519,47.02465345,70.10163164],[28.84333052,47.02464265,70.10722398],[28.84331959,47.02462886,70.10426127]]]},"geometry_name":"geom","properties":{"gid":null,"shape_leng":null,"layer":7002,"medium":"T","z":70.05,"layer_name":"road_edge"}},{"type":"Feature","id":"lm17_line_road_edge.209827","geometry":{"type":"MultiLineString","coordinates":[[[28.8433894,47.02473999,69.98302287],[28.84340493,47.02473632,69.91349297],[28.8434211,47.02473427,69.85306874],[28.84343753,47.02473389,69.80309999],[28.84345386,47.0247352,69.76470291],[28.84346972,47.02473815,69.73873525],[28.84348477,47.02474268,69.72577707],[28.84350511,47.02475225,69.73133607]]]},"geometry_name":"geom","properties":{"gid":null,"shape_leng":null,"layer":7002,"medium":"T","z":69.85,"layer_name":"road_edge"}},{"type":"Feature","id":"lm17_line_road_edge.209836","geometry":{"type":"MultiLineString","coordinates":[[[28.84669736,47.02218348,66.91105036],[28.84671245,47.02220334,66.87205918],[28.84672363,47.02222438,66.8028365],[28.84673069,47.02224624,66.70456673],[28.84673351,47.02226854,66.57893131],[28.84673341,47.02227821,66.51677388]]]},"geometry_name":"geom","properties":{"gid":null,"shape_leng":null,"layer":7002,"medium":"T","z":66.71,"layer_name":"road_edge"}},{"type":"Feature","id":"lm17_line_road_edge.209837","geometry":{"type":"MultiLineString","coordinates":[[[28.84669476,47.02212139,67.10818861],[28.84670322,47.02212562,67.06236246],[28.84671299,47.0221282,67.01807269],[28.8467234,47.02212896,66.97833757],[28.84673375,47.02212785,66.94586498],[28.84674332,47.02212496,66.92286788],[28.84675148,47.02212046,66.91091347],[28.84675784,47.02211443,66.91105037]]]},"geometry_name":"geom","properties":{"gid":null,"shape_leng":null,"layer":7002,"medium":"T","z":67.01,"layer_name":"road_edge"}},{"type":"Feature","id":"lm17_line_road_edge.209838","geometry":{"type":"MultiLineString","coordinates":[[[28.84681819,47.02169617,67.30547801],[28.84682887,47.02169779,67.23887261],[28.84683857,47.02170125,67.18208982],[28.84684663,47.02170631,67.13899929],[28.8468525,47.02171262,67.11253758],[28.84685579,47.02171975,67.104508],[28.8468564,47.02172389,67.10826419]]]},"geometry_name":"geom","properties":{"gid":null,"shape_leng":null,"layer":7002,"medium":"T","z":67.2,"layer_name":"road_edge"}},{"type":"Feature","id":"lm17_line_road_edge.209839","geometry":{"type":"MultiLineString","coordinates":[[[28.84692856,47.02172958,67.30537967],[28.84693765,47.02172036,67.24032696],[28.84694901,47.0217124,67.18580982],[28.84696226,47.02170595,67.14358047],[28.84697699,47.02170123,67.1149962],[28.84699416,47.0217,67.10097574],[28.84701502,47.02170298,67.0565644]]]},"geometry_name":"geom","properties":{"gid":null,"shape_leng":null,"layer":7002,"medium":"T","z":67.18,"layer_name":"road_edge"}},{"type":"Feature","id":"lm17_line_road_edge.209840","geometry":{"type":"MultiLineString","coordinates":[[[28.84701187,47.02156686,67.50204978],[28.84700625,47.02157732,67.51761907],[28.84700277,47.02158822,67.51476702],[28.84700149,47.02159934,67.49354678],[28.84700243,47.02161047,67.45435362],[28.84700558,47.02162141,67.39791765],[28.84701088,47.02163196,67.32529016],[28.84701824,47.02164191,67.23782407],[28.84703028,47.02165339,67.10826419]]]},"geometry_name":"geom","properties":{"gid":null,"shape_leng":null,"layer":7002,"medium":"T","z":67.31,"layer_name":"road_edge"}},{"type":"Feature","id":"lm17_line_road_edge.209841","geometry":{"type":"MultiLineString","coordinates":[[[28.84657899,47.02302408,65.88521226],[28.84614671,47.02317956,66.53947199],[28.84555332,47.02339714,67.52470432],[28.84492786,47.02362349,68.3124512],[28.84464658,47.02373453,68.90293212],[28.84460625,47.02374902,69.03760151]]]},"geometry_name":"geom","properties":{"gid":null,"shape_leng":null,"layer":7002,"medium":"T","z":67.46,"layer_name":"road_edge"}},{"type":"Feature","id":"lm17_line_road_edge.209842","geometry":{"type":"MultiLineString","coordinates":[[[28.84447519,47.0238139,69.32591325],[28.84446528,47.02382076,69.33134288],[28.84431688,47.02392577,69.52816986],[28.84401649,47.02417886,69.9218238],[28.84381415,47.02433399,69.83642373]]]},"geometry_name":"geom","properties":{"gid":null,"shape_leng":null,"layer":7002,"medium":"T","z":69.62,"layer_name":"road_edge"}},{"type":"Feature","id":"lm17_line_road_edge.209843","geometry":{"type":"MultiLineString","coordinates":[[[28.84381415,47.02433399,69.83642373],[28.84356643,47.02452391,69.73187159]]]},"geometry_name":"geom","properties":{"gid":null,"shape_leng":null,"layer":7002,"medium":"T","z":69.78,"layer_name":"road_edge"}},{"type":"Feature","id":"lm17_line_road_edge.209844","geometry":{"type":"MultiLineString","coordinates":[[[28.8435112,47.0245272,69.94008018],[28.84352716,47.02452893,69.82588176],[28.84354331,47.02452851,69.75421775],[28.84355903,47.02452593,69.72784218],[28.84356643,47.02452391,69.73187159]]]},"geometry_name":"geom","properties":{"gid":null,"shape_leng":null,"layer":7002,"medium":"T","z":69.83,"layer_name":"road_edge"}},{"type":"Feature","id":"lm17_line_road_edge.209845","geometry":{"type":"MultiLineString","coordinates":[[[28.84361822,47.02454501,69.73405774],[28.84361004,47.02455293,69.83668312],[28.84360513,47.02456204,69.90873077],[28.84360384,47.0245717,69.94529075],[28.84360625,47.02458126,69.94387157],[28.84361002,47.02458685,69.91894]]]},"geometry_name":"geom","properties":{"gid":null,"shape_leng":null,"layer":7002,"medium":"T","z":69.84,"layer_name":"road_edge"}},{"type":"Feature","id":"lm17_line_road_edge.209846","geometry":{"type":"MultiLineString","coordinates":[[[28.84361002,47.02458685,69.91894],[28.8436126,47.02458991,69.90456993],[28.84361522,47.02459302,69.88086184]]]},"geometry_name":"geom","properties":{"gid":null,"shape_leng":null,"layer":7002,"medium":"T","z":69.9,"layer_name":"road_edge"}},{"type":"Feature","id":"lm17_line_road_edge.209847","geometry":{"type":"MultiLineString","coordinates":[[[28.84641705,47.02473389,63.15234453],[28.84625681,47.02467114,63.39690671],[28.84542296,47.0243101,66.94510059],[28.84508948,47.02415145,68.12730134],[28.84488176,47.02404086,68.52101455],[28.84475813,47.02396376,68.91472776],[28.84468672,47.02390192,68.91472776],[28.84461787,47.02383055,69.14236282]]]},"geometry_name":"geom","properties":{"gid":null,"shape_leng":null,"layer":7002,"medium":"T","z":66.15,"layer_name":"road_edge"}},{"type":"Feature","id":"lm17_line_road_edge.209848","geometry":{"type":"MultiLineString","coordinates":[[[28.84452946,47.02373607,69.40543651],[28.84399799,47.02314591,70.74780325]]]},"geometry_name":"geom","properties":{"gid":null,"shape_leng":null,"layer":7002,"medium":"T","z":70.08,"layer_name":"road_edge"}},{"type":"Feature","id":"lm17_line_road_edge.209849","geometry":{"type":"MultiLineString","coordinates":[[[28.84387932,47.02315516,70.88150904],[28.84389509,47.02315287,70.72172102],[28.84391119,47.02315333,70.6332389],[28.84392663,47.02315651,70.62162236],[28.84394042,47.02316222,70.68760128],[28.84394658,47.02316602,70.75045209]]]},"geometry_name":"geom","properties":{"gid":null,"shape_leng":null,"layer":7002,"medium":"T","z":70.75,"layer_name":"road_edge"}},{"type":"Feature","id":"lm17_line_road_edge.209850","geometry":{"type":"MultiLineString","coordinates":[[[28.84399799,47.02314591,70.74780325],[28.84399224,47.02313547,70.71881369],[28.84399031,47.0231244,70.72110695],[28.84399231,47.02311333,70.75454976],[28.84399813,47.02310291,70.81719854],[28.84400483,47.02309586,70.88150904]]]},"geometry_name":"geom","properties":{"gid":null,"shape_leng":null,"layer":7002,"medium":"T","z":70.8,"layer_name":"road_edge"}},{"type":"Feature","id":"lm17_line_road_edge.209851","geometry":{"type":"MultiLineString","coordinates":[[[28.84447519,47.0238139,69.32591325],[28.84448486,47.02380543,69.27338529],[28.84449099,47.02379553,69.25113784],[28.84449317,47.02378489,69.26068702],[28.84449125,47.02377422,69.30138208],[28.84448274,47.02376139,69.39728268]]]},"geometry_name":"geom","properties":{"gid":null,"shape_leng":null,"layer":7002,"medium":"T","z":69.32,"layer_name":"road_edge"}},{"type":"Feature","id":"lm17_line_road_edge.209852","geometry":{"type":"MultiLineString","coordinates":[[[28.84450762,47.02384905,69.33134288],[28.84451832,47.0238452,69.27385991],[28.84453012,47.02384337,69.22238253],[28.8445422,47.02384369,69.18041886],[28.84455376,47.02384614,69.15082863],[28.84456399,47.02385055,69.13562838],[28.84457128,47.02385577,69.13495551]]]},"geometry_name":"geom","properties":{"gid":null,"shape_leng":null,"layer":7002,"medium":"T","z":69.23,"layer_name":"road_edge"}},{"type":"Feature","id":"lm17_line_road_edge.209853","geometry":{"type":"MultiLineString","coordinates":[[[28.84461787,47.02383055,69.14236282],[28.84461178,47.02382423,69.1566703]]]},"geometry_name":"geom","properties":{"gid":null,"shape_leng":null,"layer":7002,"medium":"T","z":69.15,"layer_name":"road_edge"}},{"type":"Feature","id":"lm17_line_road_edge.209854","geometry":{"type":"MultiLineString","coordinates":[[[28.84461178,47.02382423,69.1566703],[28.84460817,47.0238171,69.16159688],[28.84460745,47.02380955,69.15714985],[28.8446096,47.02380213,69.14351525],[28.84461449,47.02379535,69.12162228],[28.84462179,47.02378967,69.0929629],[28.84462694,47.02378731,69.07420405]]]},"geometry_name":"geom","properties":{"gid":null,"shape_leng":null,"layer":7002,"medium":"T","z":69.12,"layer_name":"road_edge"}},{"type":"Feature","id":"lm17_line_road_edge.209855","geometry":{"type":"MultiLineString","coordinates":[[[28.84462694,47.02378731,69.07420405],[28.84463122,47.02378577,69.05949019],[28.84463615,47.023784,69.04147933]]]},"geometry_name":"geom","properties":{"gid":null,"shape_leng":null,"layer":7002,"medium":"T","z":69.06,"layer_name":"road_edge"}},{"type":"Feature","id":"lm17_line_road_edge.209856","geometry":{"type":"MultiLineString","coordinates":[[[28.84452946,47.02373607,69.40543651],[28.84454157,47.02374344,69.27249635],[28.84455585,47.02374871,69.16397101],[28.84457151,47.02375158,69.08571113],[28.84458772,47.0237519,69.0419357],[28.84460625,47.02374902,69.03760151]]]},"geometry_name":"geom","properties":{"gid":null,"shape_leng":null,"layer":7002,"medium":"T","z":69.22,"layer_name":"road_edge"}},{"type":"Feature","id":"lm17_line_road_edge.209857","geometry":{"type":"MultiLineString","coordinates":[[[28.84645534,47.02485644,62.73978213],[28.84645483,47.02484516,62.65607254],[28.84645256,47.02483398,62.60999742],[28.84644858,47.02482303,62.60207883],[28.84644291,47.02481243,62.63240647],[28.84643563,47.0248023,62.70063673],[28.84642681,47.02479276,62.80599652],[28.84641656,47.02478391,62.94729209],[28.84640483,47.02477576,63.12554337]]]},"geometry_name":"geom","properties":{"gid":null,"shape_leng":null,"layer":7002,"medium":"T","z":62.86,"layer_name":"road_edge"}},{"type":"Feature","id":"lm17_line_road_edge.209858","geometry":{"type":"MultiLineString","coordinates":[[[28.84641705,47.02473389,63.15234453],[28.84643314,47.0247321,63.1433081],[28.84644808,47.02472763,63.1358961],[28.84646093,47.02472076,63.13057425],[28.84647087,47.02471192,63.12767694],[28.84647728,47.02470167,63.12738622],[28.84647887,47.02469687,63.12809404]]]},"geometry_name":"geom","properties":{"gid":null,"shape_leng":null,"layer":7002,"medium":"T","z":63.14,"layer_name":"road_edge"}},{"type":"Feature","id":"lm17_line_road_edge.209859","geometry":{"type":"MultiLineString","coordinates":[[[28.84654205,47.02308311,65.98292835],[28.84655843,47.02308425,65.88602209],[28.84657432,47.02308718,65.79862382],[28.84658933,47.02309182,65.72299709],[28.84660306,47.02309804,65.66110059],[28.84661514,47.02310568,65.61453742],[28.84662528,47.02311455,65.58451354],[28.84663321,47.02312442,65.57180655],[28.84663886,47.02313541,65.57723185]]]},"geometry_name":"geom","properties":{"gid":null,"shape_leng":null,"layer":7002,"medium":"T","z":65.78,"layer_name":"road_edge"}},{"type":"Feature","id":"lm17_line_road_edge.209860","geometry":{"type":"MultiLineString","coordinates":[[[28.84657899,47.02302408,65.88521226],[28.8465924,47.02301744,65.86439693],[28.84660477,47.02300993,65.84623228],[28.84661599,47.02300161,65.83089884],[28.84662594,47.02299256,65.81854898],[28.84663453,47.02298288,65.80930547],[28.84664166,47.02297267,65.80326015],[28.84664727,47.02296202,65.80047312],[28.84665323,47.02294291,65.80340137]]]},"geometry_name":"geom","properties":{"gid":null,"shape_leng":null,"layer":7002,"medium":"T","z":65.84,"layer_name":"road_edge"}},{"type":"Feature","id":"lm17_line_road_edge.209861","geometry":{"type":"MultiLineString","coordinates":[[[28.84883391,47.02105375,62.85164185],[28.84884456,47.02103242,62.85028207],[28.84885122,47.02101034,62.87787629],[28.84885379,47.02098787,62.93398935],[28.84885221,47.02096535,63.0177363],[28.84884652,47.02094315,63.1277964],[28.84883841,47.02092458,63.24212474]]]},"geometry_name":"geom","properties":{"gid":null,"shape_leng":null,"layer":7002,"medium":"T","z":63.05,"layer_name":"road_edge"}},{"type":"Feature","id":"lm17_line_road_edge.209862","geometry":{"type":"MultiLineString","coordinates":[[[28.84991963,47.01894407,61.74101668],[28.84979569,47.01915279,61.70098572],[28.84956337,47.01963264,62.29343992],[28.8493706,47.01999425,62.49092466],[28.84911597,47.02054059,62.29909009],[28.84910888,47.0205558,62.29343992],[28.84896849,47.02079482,62.49092466]]]},"geometry_name":"geom","properties":{"gid":null,"shape_leng":null,"layer":7002,"medium":"T","z":62.1,"layer_name":"road_edge"}},{"type":"Feature","id":"lm17_line_road_edge.209863","geometry":{"type":"MultiLineString","coordinates":[[[28.84880629,47.02081783,63.20484568],[28.84882124,47.02082248,63.17316179],[28.84883685,47.02082598,63.13221872],[28.84885293,47.02082828,63.08251346],[28.84886928,47.02082936,63.02464937],[28.84888571,47.0208292,62.95932884]]]},"geometry_name":"geom","properties":{"gid":null,"shape_leng":null,"layer":7002,"medium":"T","z":63.08,"layer_name":"road_edge"}},{"type":"Feature","id":"lm17_line_road_edge.209864","geometry":{"type":"MultiLineString","coordinates":[[[28.85079405,47.01959761,58.73406957],[28.84981664,47.02032817,60.3158055],[28.84945273,47.02059226,61.31928146]]]},"geometry_name":"geom","properties":{"gid":null,"shape_leng":null,"layer":7002,"medium":"T","z":60.03,"layer_name":"road_edge"}},{"type":"Feature","id":"lm17_line_road_edge.209865","geometry":{"type":"MultiLineString","coordinates":[[[28.84933065,47.02068085,61.65583311],[28.84905463,47.02088115,62.41661357]]]},"geometry_name":"geom","properties":{"gid":null,"shape_leng":null,"layer":7002,"medium":"T","z":62.04,"layer_name":"road_edge"}},{"type":"Feature","id":"lm17_line_road_edge.209866","geometry":{"type":"MultiLineString","coordinates":[[[28.84902028,47.02087173,62.69370091],[28.84902597,47.02087613,62.58180545],[28.84903314,47.02087938,62.49424422],[28.84904129,47.02088125,62.43698436],[28.84905463,47.02088115,62.41661357]]]},"geometry_name":"geom","properties":{"gid":null,"shape_leng":null,"layer":7002,"medium":"T","z":62.56,"layer_name":"road_edge"}},{"type":"Feature","id":"lm17_line_road_edge.209867","geometry":{"type":"MultiLineString","coordinates":[[[28.84896849,47.02079482,62.49092466],[28.84895759,47.02080313,62.50936338],[28.84894537,47.02081052,62.55220998],[28.84893197,47.02081689,62.61888502],[28.84891758,47.02082215,62.70848684],[28.84890239,47.02082623,62.81980374],[28.84888571,47.0208292,62.95932884]]]},"geometry_name":"geom","properties":{"gid":null,"shape_leng":null,"layer":7002,"medium":"T","z":62.73,"layer_name":"road_edge"}},{"type":"Feature","id":"lm17_line_road_edge.209868","geometry":{"type":"MultiLineString","coordinates":[[[28.84916276,47.02059681,62.31363742],[28.84916883,47.0205928,62.24084312],[28.84917621,47.02059001,62.17862065],[28.84918439,47.02058861,62.13121037],[28.84919283,47.02058871,62.10184321],[28.84920369,47.02059124,62.09426946]]]},"geometry_name":"geom","properties":{"gid":null,"shape_leng":null,"layer":7002,"medium":"T","z":62.2,"layer_name":"road_edge"}},{"type":"Feature","id":"lm17_line_road_edge.209869","geometry":{"type":"MultiLineString","coordinates":[[[28.84921948,47.02055098,62.13344931],[28.84921093,47.02054542,62.20199143],[28.84920477,47.02053854,62.25744567],[28.84920142,47.0205308,62.29603293],[28.84920112,47.02052274,62.31512353],[28.84920388,47.02051489,62.31341376]]]},"geometry_name":"geom","properties":{"gid":null,"shape_leng":null,"layer":7002,"medium":"T","z":62.22,"layer_name":"road_edge"}},{"type":"Feature","id":"lm17_line_road_edge.209870","geometry":{"type":"MultiLineString","coordinates":[[[28.84939986,47.02070529,61.59718202],[28.84941479,47.02070051,61.55275337],[28.84943061,47.02069735,61.51759953],[28.84944695,47.02069587,61.49254448],[28.84946343,47.02069612,61.47817548],[28.84948345,47.02069881,61.47567056]]]},"geometry_name":"geom","properties":{"gid":null,"shape_leng":null,"layer":7002,"medium":"T","z":61.54,"layer_name":"road_edge"}},{"type":"Feature","id":"lm17_line_road_edge.209871","geometry":{"type":"MultiLineString","coordinates":[[[28.84951666,47.02066522,61.47567056],[28.8495092,47.02065685,61.47900567],[28.84950515,47.02064744,61.46179315],[28.84950481,47.02063764,61.42520598],[28.84950818,47.02062811,61.37173752],[28.84951728,47.02061755,61.28661654]]]},"geometry_name":"geom","properties":{"gid":null,"shape_leng":null,"layer":7002,"medium":"T","z":61.38,"layer_name":"road_edge"}},{"type":"Feature","id":"lm17_line_road_edge.209872","geometry":{"type":"MultiLineString","coordinates":[[[28.8493468,47.02059887,61.7485055],[28.84936274,47.02060165,61.62551109],[28.84937905,47.02060309,61.52128759],[28.8493955,47.02060318,61.4373548],[28.84941185,47.02060192,61.37493665],[28.84942785,47.02059931,61.33494335],[28.84945273,47.02059226,61.31928146]]]},"geometry_name":"geom","properties":{"gid":null,"shape_leng":null,"layer":7002,"medium":"T","z":61.53,"layer_name":"road_edge"}},{"type":"Feature","id":"lm17_line_road_edge.209873","geometry":{"type":"MultiLineString","coordinates":[[[28.84933065,47.02068085,61.65583311],[28.84933532,47.02067069,61.6081799],[28.84933598,47.02066005,61.59660083],[28.8493326,47.02064965,61.62188499],[28.8493254,47.02064021,61.68230931],[28.84931778,47.02063415,61.74820671]]]},"geometry_name":"geom","properties":{"gid":null,"shape_leng":null,"layer":7002,"medium":"T","z":61.67,"layer_name":"road_edge"}},{"type":"Feature","id":"lm17_line_road_edge.209874","geometry":{"type":"MultiLineString","coordinates":[[[28.84997972,47.01897436,61.73866405],[28.84998396,47.01897114,61.65783233],[28.84998927,47.01896877,61.58209027],[28.84999529,47.01896742,61.51659958],[28.85000163,47.01896719,61.46582333],[28.85000783,47.01896808,61.43322185],[28.85001348,47.01897005,61.42101686],[28.85001747,47.01897239,61.42699051]]]},"geometry_name":"geom","properties":{"gid":null,"shape_leng":null,"layer":7002,"medium":"T","z":61.58,"layer_name":"road_edge"}},{"type":"Feature","id":"lm17_line_road_edge.209876","geometry":{"type":"MultiLineString","coordinates":[[[28.84991963,47.01894407,61.74101668],[28.84992333,47.01893298,61.69958166],[28.84992416,47.01892161,61.68831978],[28.84992209,47.01891031,61.70757324],[28.84991718,47.01889943,61.75675703],[28.84991089,47.01889075,61.82106319]]]},"geometry_name":"geom","properties":{"gid":null,"shape_leng":null,"layer":7002,"medium":"T","z":61.75,"layer_name":"road_edge"}},{"type":"Feature","id":"lm17_line_road_edge.209880","geometry":{"type":"MultiLineString","coordinates":[[[28.84774539,47.02183635,64.69679674],[28.84777828,47.02183819,64.54817327],[28.84781125,47.02183727,64.41394805],[28.84784381,47.02183361,64.29611653],[28.84787549,47.02182728,64.19643046],[28.84790579,47.02181835,64.1163718],[28.84791429,47.02181529,64.09695215]]]},"geometry_name":"geom","properties":{"gid":null,"shape_leng":null,"layer":7002,"medium":"T","z":64.4,"layer_name":"road_edge"}},{"type":"Feature","id":"lm17_line_road_edge.209881","geometry":{"type":"MultiLineString","coordinates":[[[28.84800079,47.02182353,64.04252589],[28.84799862,47.02183463,64.0144893],[28.84799828,47.02184582,63.97872655],[28.84799977,47.02185697,63.9356874],[28.84800308,47.02186793,63.88591308],[28.84800817,47.02187857,63.83002953],[28.84801496,47.02188876,63.76873952],[28.84802338,47.02189836,63.70281382],[28.84803332,47.02190726,63.63308146],[28.84804465,47.02191533,63.56041938],[28.84805365,47.02192062,63.50647013]]]},"geometry_name":"geom","properties":{"gid":null,"shape_leng":null,"layer":7002,"medium":"T","z":63.77,"layer_name":"road_edge"}},{"type":"Feature","id":"lm17_line_road_edge.209882","geometry":{"type":"MultiLineString","coordinates":[[[28.84701502,47.02170298,67.0565644],[28.8470776,47.02171471,66.66206727],[28.84714919,47.02173534,66.66206727],[28.84783726,47.02192401,64.09783587],[28.84823613,47.02203864,62.71709589],[28.84909727,47.02226576,58.96937308],[28.84948469,47.02237758,58.20708452],[28.84949826,47.0223815,58.1803788],[28.84998286,47.02250256,57.08347148],[28.85039143,47.02261976,56.21538345]]]},"geometry_name":"geom","properties":{"gid":null,"shape_leng":null,"layer":7002,"medium":"T","z":61.64,"layer_name":"road_edge"}},{"type":"Feature","id":"lm17_line_road_edge.209885","geometry":{"type":"MultiLineString","coordinates":[[[28.84870488,47.02398109,58.87782015],[28.84850202,47.02390376,59.11229714],[28.84806061,47.0237276,59.90164164],[28.84766502,47.02357435,61.08565839],[28.84708576,47.02336308,64.63770865],[28.84675307,47.02324693,65.29470279]]]},"geometry_name":"geom","properties":{"gid":null,"shape_leng":null,"layer":7002,"medium":"T","z":62.09,"layer_name":"road_edge"}},{"type":"Feature","id":"lm17_line_road_edge.209886","geometry":{"type":"MultiLineString","coordinates":[[[28.84867639,47.0240701,58.93574514],[28.84868193,47.02406093,58.91356084],[28.84868381,47.02405109,58.89607434],[28.84868191,47.02404125,58.8844773],[28.84867634,47.02403209,58.87956004],[28.84866462,47.02402239,58.88342371]]]},"geometry_name":"geom","properties":{"gid":null,"shape_leng":null,"layer":7002,"medium":"T","z":58.91,"layer_name":"road_edge"}},{"type":"Feature","id":"lm17_line_road_edge.209887","geometry":{"type":"MultiLineString","coordinates":[[[28.84870488,47.02398109,58.87782015],[28.84872111,47.02398328,58.80260859],[28.84873766,47.02398361,58.73975955],[28.84875406,47.02398207,58.69098739],[28.84876986,47.02397871,58.65762248],[28.84878464,47.02397362,58.64057494],[28.84880107,47.02396502,58.64288508]]]},"geometry_name":"geom","properties":{"gid":null,"shape_leng":null,"layer":7002,"medium":"T","z":58.76,"layer_name":"road_edge"}},{"type":"Feature","id":"lm17_line_road_edge.209888","geometry":{"type":"MultiLineString","coordinates":[[[28.84670198,47.02332265,65.32212704],[28.84670513,47.02331607,65.29449569],[28.84671067,47.02331027,65.26951455],[28.84671821,47.02330564,65.24888604],[28.84672725,47.02330251,65.23401595],[28.84673716,47.02330109,65.22591766],[28.84674728,47.02330147,65.22514304],[28.84675353,47.02330265,65.22853132]]]},"geometry_name":"geom","properties":{"gid":null,"shape_leng":null,"layer":7002,"medium":"T","z":65.27,"layer_name":"road_edge"}},{"type":"Feature","id":"lm17_line_road_edge.209889","geometry":{"type":"MultiLineString","coordinates":[[[28.84675307,47.02324693,65.29470279],[28.84673445,47.02322847,65.42686864],[28.84672007,47.02320831,65.50205285],[28.84671025,47.02318691,65.51857593],[28.84670891,47.02318272,65.51500156]]]},"geometry_name":"geom","properties":{"gid":null,"shape_leng":null,"layer":7002,"medium":"T","z":65.41,"layer_name":"road_edge"}},{"type":"Feature","id":"lm17_line_road_edge.209890","geometry":{"type":"MultiLineString","coordinates":[[[28.8475793,47.02501925,59.74453723],[28.84758876,47.02501301,59.72952872],[28.84760025,47.02500865,59.71620959],[28.847613,47.02500648,59.70548751],[28.84762614,47.02500664,59.69809319],[28.84763877,47.02500911,59.69453052],[28.84764765,47.02501252,59.69456776]]]},"geometry_name":"geom","properties":{"gid":null,"shape_leng":null,"layer":7002,"medium":"T","z":59.72,"layer_name":"road_edge"}},{"type":"Feature","id":"lm17_line_road_edge.209891","geometry":{"type":"MultiLineString","coordinates":[[[28.84769268,47.02498426,59.69456776],[28.84768305,47.02497565,59.67125606],[28.84767699,47.02496564,59.65224078],[28.84767494,47.02495489,59.63881775],[28.84767702,47.02494414,59.63190174],[28.84768317,47.02493405,59.63199701]]]},"geometry_name":"geom","properties":{"gid":null,"shape_leng":null,"layer":7002,"medium":"T","z":59.66,"layer_name":"road_edge"}},{"type":"Feature","id":"lm17_line_road_edge.210295","geometry":{"type":"MultiLineString","coordinates":[[[28.84460521,47.02078377,72.92406108],[28.84390302,47.02125792,73.35168563],[28.8432068,47.02174026,73.83533336],[28.84277987,47.02202089,74.28061902]]]},"geometry_name":"geom","properties":{"gid":null,"shape_leng":null,"layer":7002,"medium":"T","z":73.6,"layer_name":"road_edge"}},{"type":"Feature","id":"lm17_line_road_edge.210296","geometry":{"type":"MultiLineString","coordinates":[[[28.84465979,47.02068152,73.06811203],[28.84371633,47.01999446,75.19691544]]]},"geometry_name":"geom","properties":{"gid":null,"shape_leng":null,"layer":7002,"medium":"T","z":74.13,"layer_name":"road_edge"}},{"type":"Feature","id":"lm17_line_road_edge.210297","geometry":{"type":"MultiLineString","coordinates":[[[28.84371543,47.0199339,75.28867513],[28.84395727,47.01977009,74.9888357],[28.84464018,47.01928817,74.40077634],[28.84550831,47.01871264,72.57851845]]]},"geometry_name":"geom","properties":{"gid":null,"shape_leng":null,"layer":7002,"medium":"T","z":73.93,"layer_name":"road_edge"}},{"type":"Feature","id":"lm17_line_road_edge.210298","geometry":{"type":"MultiLineString","coordinates":[[[28.84357599,47.02002835,75.46155083],[28.84359228,47.02002294,75.31389718],[28.84361006,47.02002061,75.2010552],[28.84362812,47.0200215,75.1307149],[28.84364523,47.02002556,75.10766985],[28.84366022,47.0200325,75.13349054],[28.84366829,47.02003832,75.17549506]]]},"geometry_name":"geom","properties":{"gid":null,"shape_leng":null,"layer":7002,"medium":"T","z":75.28,"layer_name":"road_edge"}},{"type":"Feature","id":"lm17_line_road_edge.210299","geometry":{"type":"MultiLineString","coordinates":[[[28.84371633,47.01999446,75.19691544],[28.84370707,47.01998104,75.18211549],[28.8437032,47.01996644,75.19008391],[28.84370499,47.01995165,75.22027767],[28.84371231,47.01993768,75.2706391],[28.84371543,47.0199339,75.28867513]]]},"geometry_name":"geom","properties":{"gid":null,"shape_leng":null,"layer":7002,"medium":"T","z":75.24,"layer_name":"road_edge"}},{"type":"Feature","id":"lm17_line_road_edge.210300","geometry":{"type":"MultiLineString","coordinates":[[[28.84465979,47.02068152,73.06811203],[28.84468158,47.02068821,72.92673285],[28.84470515,47.02069082,72.82367691],[28.84472891,47.02068917,72.76596727],[28.84475124,47.02068336,72.75753677],[28.8447567,47.02068118,72.76369551]]]},"geometry_name":"geom","properties":{"gid":null,"shape_leng":null,"layer":7002,"medium":"T","z":72.91,"layer_name":"road_edge"}},{"type":"Feature","id":"lm17_line_road_edge.210301","geometry":{"type":"MultiLineString","coordinates":[[[28.84460521,47.02078377,72.92406108],[28.84461497,47.02077017,72.91401399],[28.84461926,47.02075531,72.9305877],[28.84461778,47.0207402,72.97265276],[28.84461063,47.02072586,73.03734249],[28.8446083,47.02072286,73.05448907]]]},"geometry_name":"geom","properties":{"gid":null,"shape_leng":null,"layer":7002,"medium":"T","z":72.98,"layer_name":"road_edge"}},{"type":"Feature","id":"lm17_line_road_edge.210302","geometry":{"type":"MultiLineString","coordinates":[[[28.84366829,47.02003832,75.17549506],[28.8446083,47.02072286,73.05448907]]]},"geometry_name":"geom","properties":{"gid":null,"shape_leng":null,"layer":7002,"medium":"T","z":74.11,"layer_name":"road_edge"}},{"type":"Feature","id":"lm17_line_road_edge.210313","geometry":{"type":"MultiLineString","coordinates":[[[28.84744188,47.0172956,67.52615981],[28.84729772,47.01738748,67.55521969],[28.84687366,47.01770486,68.82074644],[28.84620207,47.01814601,70.70253638],[28.84561512,47.01854149,72.3488403]]]},"geometry_name":"geom","properties":{"gid":null,"shape_leng":null,"layer":7002,"medium":"T","z":69.94,"layer_name":"road_edge"}},{"type":"Feature","id":"lm17_line_road_edge.210314","geometry":{"type":"MultiLineString","coordinates":[[[28.84764864,47.01734726,67.2876323],[28.84795793,47.01755912,66.58550768],[28.84862227,47.01801614,65.50912314]]]},"geometry_name":"geom","properties":{"gid":null,"shape_leng":null,"layer":7002,"medium":"T","z":66.4,"layer_name":"road_edge"}},{"type":"Feature","id":"lm17_line_road_edge.210315","geometry":{"type":"MultiLineString","coordinates":[[[28.84862444,47.0180882,65.51393186],[28.84808294,47.01844636,66.47749852],[28.84738923,47.01891163,67.94140334],[28.84677877,47.01931425,69.25419722]]]},"geometry_name":"geom","properties":{"gid":null,"shape_leng":null,"layer":7002,"medium":"T","z":67.38,"layer_name":"road_edge"}},{"type":"Feature","id":"lm17_line_road_edge.210317","geometry":{"type":"MultiLineString","coordinates":[[[28.84664853,47.01929881,69.67682092],[28.8465985,47.01925948,69.88619141],[28.84569922,47.01865277,72.2943084]]]},"geometry_name":"geom","properties":{"gid":null,"shape_leng":null,"layer":7002,"medium":"T","z":70.99,"layer_name":"road_edge"}},{"type":"Feature","id":"lm17_line_road_edge.210318","geometry":{"type":"MultiLineString","coordinates":[[[28.84563324,47.01870935,72.28083064],[28.84652174,47.01930879,69.88619141],[28.84658935,47.01936193,69.58224817]]]},"geometry_name":"geom","properties":{"gid":null,"shape_leng":null,"layer":7002,"medium":"T","z":70.93,"layer_name":"road_edge"}},{"type":"Feature","id":"lm17_line_road_edge.210319","geometry":{"type":"MultiLineString","coordinates":[[[28.84553936,47.01854318,72.56977836],[28.84473433,47.01798063,74.65235572],[28.8436998,47.01726953,77.58899882]]]},"geometry_name":"geom","properties":{"gid":null,"shape_leng":null,"layer":7002,"medium":"T","z":75.08,"layer_name":"road_edge"}},{"type":"Feature","id":"lm17_line_road_edge.210320","geometry":{"type":"MultiLineString","coordinates":[[[28.84422931,47.01773553,75.82880647],[28.84465943,47.01803118,74.65235572],[28.84543496,47.01857312,72.78496704]]]},"geometry_name":"geom","properties":{"gid":null,"shape_leng":null,"layer":7002,"medium":"T","z":74.31,"layer_name":"road_edge"}},{"type":"Feature","id":"lm17_line_road_edge.210326","geometry":{"type":"MultiLineString","coordinates":[[[28.84139074,47.01839395,81.22488221],[28.84097198,47.01809883,82.52580626],[28.84030705,47.01764369,84.08898332],[28.83966919,47.01720069,85.34892127],[28.83960749,47.01715736,85.4079203]]]},"geometry_name":"geom","properties":{"gid":null,"shape_leng":null,"layer":7002,"medium":"T","z":83.32,"layer_name":"road_edge"}},{"type":"Feature","id":"lm17_line_road_edge.210330","geometry":{"type":"MultiLineString","coordinates":[[[28.84093509,47.01815033,82.46518075],[28.84133795,47.01843425,81.20265855]]]},"geometry_name":"geom","properties":{"gid":null,"shape_leng":null,"layer":7002,"medium":"T","z":81.83,"layer_name":"road_edge"}},{"type":"Feature","id":"lm17_line_road_edge.210331","geometry":{"type":"MultiLineString","coordinates":[[[28.84061069,47.01792789,83.24317186],[28.84091574,47.0181367,82.52580626],[28.84093509,47.01815033,82.46518075]]]},"geometry_name":"geom","properties":{"gid":null,"shape_leng":null,"layer":7002,"medium":"T","z":82.85,"layer_name":"road_edge"}},{"type":"Feature","id":"lm17_line_road_edge.210346","geometry":{"type":"MultiLineString","coordinates":[[[28.83959248,47.01997698,82.05967798],[28.84116665,47.02110152,77.75239131],[28.84143219,47.02128248,77.13405634]]]},"geometry_name":"geom","properties":{"gid":null,"shape_leng":null,"layer":7002,"medium":"T","z":79.6,"layer_name":"road_edge"}},{"type":"Feature","id":"lm17_line_road_edge.210347","geometry":{"type":"MultiLineString","coordinates":[[[28.83968832,47.01984622,82.21304306],[28.83971311,47.0198297,82.21581443],[28.84058353,47.019251,81.81735194],[28.84134699,47.01873806,81.03349132],[28.84210697,47.01822993,80.43253151],[28.84287577,47.01771534,79.26980492],[28.84348366,47.01730987,78.02656611]]]},"geometry_name":"geom","properties":{"gid":null,"shape_leng":null,"layer":7002,"medium":"T","z":80.12,"layer_name":"road_edge"}},{"type":"Feature","id":"lm17_line_road_edge.210348","geometry":{"type":"MultiLineString","coordinates":[[[28.84133277,47.0185337,81.000853],[28.84119047,47.01862884,81.03349132],[28.84042724,47.01914163,81.81735194],[28.83955713,47.01972012,82.21581443],[28.83952234,47.01974332,82.25334987]]]},"geometry_name":"geom","properties":{"gid":null,"shape_leng":null,"layer":7002,"medium":"T","z":81.63,"layer_name":"road_edge"}},{"type":"Feature","id":"lm17_line_road_edge.210349","geometry":{"type":"MultiLineString","coordinates":[[[28.84143514,47.02135823,76.98703466],[28.84080313,47.02177789,76.84249888],[28.84023212,47.02217078,77.35592416],[28.84020389,47.02218714,77.37593034]]]},"geometry_name":"geom","properties":{"gid":null,"shape_leng":null,"layer":7002,"medium":"T","z":77.11,"layer_name":"road_edge"}},{"type":"Feature","id":"lm17_line_road_edge.210350","geometry":{"type":"MultiLineString","coordinates":[[[28.84543896,47.01865839,72.74440667],[28.84456576,47.01923729,74.40077634],[28.84388246,47.01971948,74.9888357],[28.84316647,47.02020445,75.87745872],[28.84217401,47.02087711,77.11891737],[28.84163134,47.02122946,77.0106184]]]},"geometry_name":"geom","properties":{"gid":null,"shape_leng":null,"layer":7002,"medium":"T","z":74.93,"layer_name":"road_edge"}},{"type":"Feature","id":"lm17_line_road_edge.210352","geometry":{"type":"MultiLineString","coordinates":[[[28.84330394,47.01721613,78.10343413],[28.84271951,47.01760596,79.26980492],[28.84195061,47.0181206,80.43253151],[28.84153068,47.01840137,80.91943474]]]},"geometry_name":"geom","properties":{"gid":null,"shape_leng":null,"layer":7002,"medium":"T","z":79.51,"layer_name":"road_edge"}},{"type":"Feature","id":"lm17_line_road_edge.210353","geometry":{"type":"MultiLineString","coordinates":[[[28.84150396,47.02122979,77.14174797],[28.84124181,47.02105114,77.75239131],[28.83970252,47.01995153,81.97725867]]]},"geometry_name":"geom","properties":{"gid":null,"shape_leng":null,"layer":7002,"medium":"T","z":79.56,"layer_name":"road_edge"}},{"type":"Feature","id":"lm17_line_road_edge.210354","geometry":{"type":"MultiLineString","coordinates":[[[28.84170717,47.02127946,76.9527821],[28.84224728,47.02092877,77.11891737],[28.84324053,47.02025557,75.87745872],[28.84357599,47.02002835,75.46155083]]]},"geometry_name":"geom","properties":{"gid":null,"shape_leng":null,"layer":7002,"medium":"T","z":76.29,"layer_name":"road_edge"}},{"type":"Feature","id":"lm17_line_road_edge.210355","geometry":{"type":"MultiLineString","coordinates":[[[28.84162589,47.02141448,76.7676371],[28.84246199,47.02198427,74.86831781],[28.84258549,47.02207012,74.45081831]]]},"geometry_name":"geom","properties":{"gid":null,"shape_leng":null,"layer":7002,"medium":"T","z":75.61,"layer_name":"road_edge"}},{"type":"Feature","id":"lm17_line_road_edge.210356","geometry":{"type":"MultiLineString","coordinates":[[[28.8426662,47.02202361,74.49643896],[28.84253664,47.02193355,74.86831781],[28.84170487,47.02136671,76.78384166]]]},"geometry_name":"geom","properties":{"gid":null,"shape_leng":null,"layer":7002,"medium":"T","z":75.64,"layer_name":"road_edge"}},{"type":"Feature","id":"lm17_line_road_edge.210357","geometry":{"type":"MultiLineString","coordinates":[[[28.84570114,47.01858456,72.31385285],[28.84627544,47.01819759,70.70253638],[28.84694902,47.01775514,68.82074644],[28.84737255,47.01743816,67.55521969],[28.84751454,47.01734766,67.47371046]]]},"geometry_name":"geom","properties":{"gid":null,"shape_leng":null,"layer":7002,"medium":"T","z":69.89,"layer_name":"road_edge"}},{"type":"Feature","id":"lm17_line_road_edge.210359","geometry":{"type":"MultiLineString","coordinates":[[[28.84658948,47.01944096,69.44065826],[28.84587651,47.01993415,70.7635167],[28.84525778,47.02034073,71.97263602],[28.8447567,47.02068118,72.76369551]]]},"geometry_name":"geom","properties":{"gid":null,"shape_leng":null,"layer":7002,"medium":"T","z":71.1,"layer_name":"road_edge"}},{"type":"Feature","id":"lm17_line_road_edge.210361","geometry":{"type":"MultiLineString","coordinates":[[[28.84258494,47.02214901,74.13400524],[28.84247782,47.02221943,73.91376272],[28.84162606,47.02281743,73.46279389],[28.84136352,47.02299109,73.62268766]]]},"geometry_name":"geom","properties":{"gid":null,"shape_leng":null,"layer":7002,"medium":"T","z":73.8,"layer_name":"road_edge"}},{"type":"Feature","id":"lm17_line_road_edge.210362","geometry":{"type":"MultiLineString","coordinates":[[[28.84125027,47.0229903,73.84459496],[28.8404631,47.02245003,76.46728072],[28.84023736,47.02227844,77.26047598]]]},"geometry_name":"geom","properties":{"gid":null,"shape_leng":null,"layer":7002,"medium":"T","z":75.55,"layer_name":"road_edge"}},{"type":"Feature","id":"lm17_line_road_edge.210364","geometry":{"type":"MultiLineString","coordinates":[[[28.84023736,47.02227844,77.26047598],[28.8402332,47.02227111,77.13026758],[28.84023195,47.02226331,77.08725239],[28.84023369,47.02225554,77.1343618],[28.84023832,47.02224836,77.26838541],[28.84023999,47.02224661,77.31733879],[28.84087579,47.02182995,76.84249888],[28.84151454,47.02140581,76.90242096]]]},"geometry_name":"geom","properties":{"gid":null,"shape_leng":null,"layer":7002,"medium":"T","z":77.08,"layer_name":"road_edge"}},{"type":"Feature","id":"lm17_line_road_edge.210365","geometry":{"type":"MultiLineString","coordinates":[[[28.84020389,47.02218714,77.37593034],[28.840197,47.02218812,77.33114252],[28.84015669,47.02218952,77.19987613],[28.84011722,47.02218374,77.28854113],[28.84008128,47.02217117,77.59109516],[28.8397396,47.02192163,78.72046185],[28.83863449,47.02116802,81.87621408],[28.83825681,47.02089947,82.84950099]]]},"geometry_name":"geom","properties":{"gid":null,"shape_leng":null,"layer":7002,"medium":"T","z":80.02,"layer_name":"road_edge"}},{"type":"Feature","id":"lm17_line_road_edge.210366","geometry":{"type":"MultiLineString","coordinates":[[[28.84021224,47.0223721,77.01287813],[28.8403874,47.02250003,76.46728072],[28.84115226,47.02302499,73.92852899]]]},"geometry_name":"geom","properties":{"gid":null,"shape_leng":null,"layer":7002,"medium":"T","z":75.47,"layer_name":"road_edge"}},{"type":"Feature","id":"lm17_line_road_edge.210369","geometry":{"type":"MultiLineString","coordinates":[[[28.83820274,47.02096484,82.69502647],[28.8385594,47.02121845,81.87621408],[28.83966402,47.02197171,78.72046185],[28.8399803,47.02220271,77.73531399]]]},"geometry_name":"geom","properties":{"gid":null,"shape_leng":null,"layer":7002,"medium":"T","z":80.22,"layer_name":"road_edge"}},{"type":"Feature","id":"lm17_line_road_edge.210394","geometry":{"type":"MultiLineString","coordinates":[[[28.84862444,47.0180882,65.51393186],[28.84863542,47.01807505,65.46674321],[28.84864105,47.0180604,65.44106016],[28.84864094,47.01804525,65.43863296],[28.8486351,47.01803064,65.45962702],[28.84862393,47.01801756,65.50261164],[28.84862227,47.01801614,65.50912314]]]},"geometry_name":"geom","properties":{"gid":null,"shape_leng":null,"layer":7002,"medium":"T","z":65.48,"layer_name":"road_edge"}},{"type":"Feature","id":"lm17_line_road_edge.210395","geometry":{"type":"MultiLineString","coordinates":[[[28.84664853,47.01929881,69.67682092],[28.8466771,47.01931142,69.38371509],[28.84670947,47.01931853,69.20733788],[28.84674342,47.01931968,69.15970911],[28.84677666,47.01931478,69.2440746],[28.84677877,47.01931425,69.25419722]]]},"geometry_name":"geom","properties":{"gid":null,"shape_leng":null,"layer":7002,"medium":"T","z":69.42,"layer_name":"road_edge"}},{"type":"Feature","id":"lm17_line_road_edge.210396","geometry":{"type":"MultiLineString","coordinates":[[[28.84658948,47.01944096,69.44065826],[28.84660162,47.01942512,69.43100007],[28.84660735,47.01940767,69.44424862],[28.84660629,47.01938981,69.47950102],[28.8465985,47.01937274,69.53435488],[28.84658935,47.01936193,69.58224817]]]},"geometry_name":"geom","properties":{"gid":null,"shape_leng":null,"layer":7002,"medium":"T","z":69.51,"layer_name":"road_edge"}},{"type":"Feature","id":"lm17_line_road_edge.210397","geometry":{"type":"MultiLineString","coordinates":[[[28.84553936,47.01854318,72.56977836],[28.84555683,47.01854807,72.46307432],[28.84557555,47.0185497,72.38684953],[28.84559425,47.01854796,72.34629859],[28.84561165,47.01854296,72.34418498],[28.84561512,47.01854149,72.3488403]]]},"geometry_name":"geom","properties":{"gid":null,"shape_leng":null,"layer":7002,"medium":"T","z":72.46,"layer_name":"road_edge"}},{"type":"Feature","id":"lm17_line_road_edge.210398","geometry":{"type":"MultiLineString","coordinates":[[[28.84569922,47.01865277,72.2943084],[28.8456899,47.01863537,72.2503763],[28.84568748,47.01861691,72.24102317],[28.84569213,47.01859865,72.26688642],[28.84570114,47.01858456,72.31385285]]]},"geometry_name":"geom","properties":{"gid":null,"shape_leng":null,"layer":7002,"medium":"T","z":72.28,"layer_name":"road_edge"}},{"type":"Feature","id":"lm17_line_road_edge.210399","geometry":{"type":"MultiLineString","coordinates":[[[28.84550831,47.01871264,72.57851845],[28.84552852,47.01870271,72.40568253],[28.84555181,47.0186967,72.27857873],[28.84557657,47.01869501,72.20586898],[28.84560113,47.01869777,72.19250833],[28.84562381,47.01870478,72.23940728],[28.84563324,47.01870935,72.28083064]]]},"geometry_name":"geom","properties":{"gid":null,"shape_leng":null,"layer":7002,"medium":"T","z":72.39,"layer_name":"road_edge"}},{"type":"Feature","id":"lm17_line_road_edge.210400","geometry":{"type":"MultiLineString","coordinates":[[[28.84543896,47.01865839,72.74440667],[28.84545148,47.01864184,72.69307847],[28.84545732,47.01862364,72.67196326],[28.84545607,47.01860503,72.68250002],[28.84544782,47.01858728,72.72397069],[28.84543496,47.01857312,72.78496704]]]},"geometry_name":"geom","properties":{"gid":null,"shape_leng":null,"layer":7002,"medium":"T","z":72.73,"layer_name":"road_edge"}},{"type":"Feature","id":"lm17_line_road_edge.210410","geometry":{"type":"MultiLineString","coordinates":[[[28.84139074,47.01839395,81.22488221],[28.84143056,47.01840504,80.87538234],[28.84147322,47.0184087,80.74131381],[28.84151582,47.01840469,80.83181317],[28.84153068,47.01840137,80.91943474]]]},"geometry_name":"geom","properties":{"gid":null,"shape_leng":null,"layer":7002,"medium":"T","z":80.98,"layer_name":"road_edge"}},{"type":"Feature","id":"lm17_line_road_edge.210411","geometry":{"type":"MultiLineString","coordinates":[[[28.84133277,47.0185337,81.000853],[28.84134575,47.01849005,80.96135305],[28.84134177,47.0184456,81.12689913],[28.84133795,47.01843425,81.20265855]]]},"geometry_name":"geom","properties":{"gid":null,"shape_leng":null,"layer":7002,"medium":"T","z":81.08,"layer_name":"road_edge"}},{"type":"Feature","id":"lm17_line_road_edge.210421","geometry":{"type":"MultiLineString","coordinates":[[[28.84143514,47.02135823,76.98703466],[28.84144655,47.02134432,76.8178778],[28.84145231,47.02132886,76.74351538],[28.84145202,47.02131291,76.76901508],[28.8414457,47.02129755,76.89263912],[28.84143379,47.02128383,77.10596275],[28.84143219,47.02128248,77.13405634]]]},"geometry_name":"geom","properties":{"gid":null,"shape_leng":null,"layer":7002,"medium":"T","z":76.94,"layer_name":"road_edge"}},{"type":"Feature","id":"lm17_line_road_edge.210422","geometry":{"type":"MultiLineString","coordinates":[[[28.84150396,47.02122979,77.14174797],[28.84153893,47.02123802,76.70542513],[28.84157583,47.02123979,76.57806542],[28.84161213,47.02123496,76.76834819],[28.84163134,47.02122946,77.0106184]]]},"geometry_name":"geom","properties":{"gid":null,"shape_leng":null,"layer":7002,"medium":"T","z":76.86,"layer_name":"road_edge"}},{"type":"Feature","id":"lm17_line_road_edge.210423","geometry":{"type":"MultiLineString","coordinates":[[[28.84170487,47.02136671,76.78384166],[28.84169224,47.02134752,76.47562853],[28.8416873,47.02132675,76.37165243],[28.84169039,47.02130581,76.47899918],[28.84170131,47.02128613,76.79035326],[28.84170717,47.02127946,76.9527821]]]},"geometry_name":"geom","properties":{"gid":null,"shape_leng":null,"layer":7002,"medium":"T","z":76.66,"layer_name":"road_edge"}},{"type":"Feature","id":"lm17_line_road_edge.210424","geometry":{"type":"MultiLineString","coordinates":[[[28.84151454,47.02140581,76.90242096],[28.84153278,47.02139861,76.54525036],[28.84155313,47.02139489,76.31421122],[28.84157419,47.02139489,76.22504848],[28.84159453,47.02139862,76.28383843],[28.84161277,47.02140582,76.48657463],[28.84162589,47.02141448,76.7676371]]]},"geometry_name":"geom","properties":{"gid":null,"shape_leng":null,"layer":7002,"medium":"T","z":76.56,"layer_name":"road_edge"}},{"type":"Feature","id":"lm17_line_road_edge.210425","geometry":{"type":"MultiLineString","coordinates":[[[28.8426662,47.02202361,74.49643896],[28.84268978,47.0220312,74.29137806],[28.84271543,47.02203436,74.16849511],[28.84274141,47.02203288,74.13616435],[28.84276593,47.02202684,74.19658909],[28.84277987,47.02202089,74.28061902]]]},"geometry_name":"geom","properties":{"gid":null,"shape_leng":null,"layer":7002,"medium":"T","z":74.32,"layer_name":"road_edge"}},{"type":"Feature","id":"lm17_line_road_edge.210426","geometry":{"type":"MultiLineString","coordinates":[[[28.84258494,47.02214901,74.13400524],[28.842598,47.02213754,74.13549556],[28.84260626,47.02212415,74.1611832],[28.84260918,47.02210976,74.20931759],[28.84260655,47.02209534,74.27661846],[28.84259855,47.02208187,74.35849935],[28.84258549,47.02207012,74.45081831]]]},"geometry_name":"geom","properties":{"gid":null,"shape_leng":null,"layer":7002,"medium":"T","z":74.29,"layer_name":"road_edge"}},{"type":"Feature","id":"lm17_line_road_edge.210427","geometry":{"type":"MultiLineString","coordinates":[[[28.84125027,47.0229903,73.84459496],[28.84127856,47.02299813,73.63553427],[28.84130885,47.0230007,73.52888027],[28.84133908,47.02299781,73.53190125],[28.84136352,47.02299109,73.62268766]]]},"geometry_name":"geom","properties":{"gid":null,"shape_leng":null,"layer":7002,"medium":"T","z":73.69,"layer_name":"road_edge"}},{"type":"Feature","id":"lm17_line_road_edge.210516","geometry":{"type":"MultiLineString","coordinates":[[[28.83880975,47.02313839,78.26178161],[28.83915989,47.02289888,78.85927807],[28.83942669,47.02270395,78.7399371],[28.83973654,47.02248889,78.62550055],[28.84003232,47.02229884,77.70523686],[28.84003412,47.02229714,77.68336918],[28.84004277,47.02228569,77.57319161],[28.8400468,47.0222731,77.51100969],[28.84004592,47.02226022,77.50106102],[28.84004019,47.02224794,77.54402357],[28.8399803,47.02220271,77.73531399]]]},"geometry_name":"geom","properties":{"gid":null,"shape_leng":null,"layer":7002,"medium":"T","z":78.18,"layer_name":"road_edge"}},{"type":"Feature","id":"lm17_line_road_edge.210517","geometry":{"type":"MultiLineString","coordinates":[[[28.83888417,47.02318927,78.19312977],[28.83923554,47.02294892,78.85927807],[28.8395026,47.0227538,78.7399371],[28.83981008,47.02254038,78.62550055],[28.8401176,47.02234278,77.66423359],[28.84013148,47.02234094,77.59716007],[28.84014557,47.02234162,77.53280035],[28.84015893,47.02234477,77.47554043],[28.84017856,47.0223533,77.42928248],[28.84021224,47.0223721,77.01287813]]]},"geometry_name":"geom","properties":{"gid":null,"shape_leng":null,"layer":7002,"medium":"T","z":77.94,"layer_name":"road_edge"}},{"type":"Feature","id":"lm17_line_road_edge.210609","geometry":{"type":"MultiLineString","coordinates":[[[28.8399643,47.02394765,74.10529485],[28.84022898,47.02376735,74.22463384],[28.84049352,47.0235809,74.0333645],[28.84072757,47.02342736,73.89277337],[28.84098919,47.02324741,73.76853004],[28.84118514,47.02312561,73.51186947],[28.84119734,47.02311834,73.51026633],[28.84120638,47.02310917,73.50914121],[28.84121164,47.02309871,73.50857079],[28.84121276,47.02308768,73.50859393],[28.84120967,47.02307682,73.50920907],[28.84120257,47.02306688,73.51037428],[28.84119288,47.02305911,73.51186947],[28.84115226,47.02302499,73.92852899]]]},"geometry_name":"geom","properties":{"gid":null,"shape_leng":null,"layer":7002,"medium":"T","z":73.87,"layer_name":"road_edge"}},{"type":"Feature","id":"lm17_line_road_edge.210612","geometry":{"type":"MultiLineString","coordinates":[[[28.84002929,47.02399226,74.10529485],[28.84029452,47.02381158,74.22463384],[28.84055846,47.02362556,74.0333645],[28.8407921,47.02347229,73.89277337],[28.84105285,47.02329293,73.76853004],[28.84124634,47.02317266,73.51186947]]]},"geometry_name":"geom","properties":{"gid":null,"shape_leng":null,"layer":7002,"medium":"T","z":73.87,"layer_name":"road_edge"}}],"totalFeatures":262,"numberMatched":262,"numberReturned":262,"timeStamp":"2026-09-23T22:09:17.062Z","crs":{"type":"name","properties":{"name":"urn:ogc:def:crs:EPSG::4326"}}}