osm_building,roof_features,roof_to_osm_area_ratio,match_fraction_min,roof_z_m,roof_z_p75_m,roof_z_max_m,roof_z_spread_max_m,dtm_ground_max_vertex_m,dtm_ground_roof_centroid_m,derived_height_m,derived_height_p75_roof_z_m,derived_height_max_roof_z_m,derived_height_centroid_ground_m,osm_reference_height_m,osm_reference_method,difference_from_osm_m,building_type,building_levels,osm_height_tag,name,footprint_area_m2
relation/11738867,1,0.927,0.929,105.75,105.94,107.098,1.63,76.346,76.219,29.404,29.594,30.752,29.531,28.5,levels,0.904,yes,9,,,679.6
relation/11739050,2,0.971,1.0,95.594,96.893,97.854,2.422,85.422,85.222,10.173,11.471,12.433,10.372,,,,yes,,,Cineplex „Emil Loteanu”,1803.9
relation/11739054,3,0.78,0.778,90.222,93.792,95.703,7.732,87.644,86.213,2.578,6.147,8.058,4.009,,,,yes,,,,878.2
relation/11764453,1,0.655,1.0,84.857,84.957,84.973,0.212,68.017,67.996,16.839,16.94,16.956,16.861,13.5,levels,3.339,yes,4,,,781.9
relation/11764455,1,1.025,1.0,71.228,72.771,74.09,4.207,64.679,64.089,6.548,8.092,9.411,7.139,7.5,levels,-0.952,retail,2,,,62.9
relation/11768981,1,0.939,1.0,63.411,63.565,63.62,0.532,60.332,59.927,3.079,3.233,3.288,3.485,,,,garages,,,,284.1
relation/11768982,1,1.02,1.0,63.123,63.23,63.636,0.857,60.098,59.933,3.025,3.131,3.538,3.19,,,,garages,,,,43.9
relation/11963260,2,1.011,1.0,71.323,71.341,71.52,0.803,66.641,66.012,4.682,4.7,4.879,5.311,,,,college,,,,395.3
relation/11963261,1,0.998,1.0,71.637,71.776,71.831,0.686,68.902,67.62,2.736,2.874,2.929,4.017,,,,college,,,,850.3
relation/11963262,1,0.976,1.0,76.876,77.023,77.317,3.817,69.221,68.528,7.656,7.802,8.097,8.348,,,,college,,,,1543.0
relation/11963263,2,1.034,1.0,70.831,71.644,73.19,2.653,68.256,68.108,2.574,3.388,4.933,2.723,,,,college,,,,477.1
relation/11963264,2,0.919,1.0,72.058,72.206,72.403,1.279,68.134,67.91,3.924,4.072,4.269,4.148,,,,yes,,,,181.7
relation/12578660,2,1.017,1.0,66.847,67.021,69.091,2.246,61.851,60.968,4.996,5.169,7.239,5.88,31.5,levels,-26.504,yes,10,,Banca Națională a Moldovei,3080.2
relation/12578661,2,0.792,1.0,82.528,82.901,83.345,1.931,62.155,60.532,20.373,20.746,21.19,21.996,13.5,levels,6.873,yes,4,,,2358.6
relation/12899639,1,0.294,1.0,87.806,88.023,88.252,1.541,82.502,81.827,5.304,5.521,5.749,5.979,,,,yes,,,Serviciul de Informații și Securitate,5499.6
relation/13409023,1,0.016,1.0,68.313,68.39,68.391,0.22,64.483,64.341,3.829,3.907,3.908,3.972,,,,commercial,,,,2157.2
relation/14066543,1,0.979,0.963,87.325,87.483,91.115,9.612,78.648,78.654,8.678,8.835,12.468,8.671,,,,ruins,,,Filarmonica Națională „Serghei Lunchevici”,2228.7
relation/14165939,1,1.127,1.0,90.192,90.308,90.425,0.454,86.583,85.705,3.608,3.725,3.842,4.487,,,,yes,,,,110.8
relation/14189934,2,1.024,0.714,78.401,79.356,80.023,2.262,73.015,72.04,5.387,6.342,7.008,6.361,,,,yes,,,Direcția Generală Urmărire Penală (DGUP) a Inspectoratului General al Poliției (IGP),856.0
relation/15063192,2,0.993,1.0,99.308,99.408,99.543,0.304,94.02,93.97,5.288,5.388,5.523,5.338,,,,commercial,,,,337.3
relation/17536997,1,0.949,1.0,109.578,125.53,128.802,28.148,88.883,87.555,20.695,36.648,39.919,22.023,28.5,levels,-7.805,yes,9,,Parlamentul Republicii Moldova,3491.0
relation/9856854,5,0.77,1.0,98.147,102.876,118.933,25.181,83.554,81.725,14.593,19.322,35.378,16.421,,,,yes,,,,4770.1
way/1006193127,2,1.221,0.9,83.55,84.21,87.53,2.841,79.044,78.953,4.506,5.166,8.486,4.597,,,,yes,,,,149.1
way/1011692718,1,1.099,1.0,90.19,90.596,90.612,0.866,85.939,85.727,4.251,4.656,4.673,4.463,,,,house,,,,72.1
way/1011692721,2,0.657,1.0,87.639,87.842,88.842,1.254,85.651,85.468,1.988,2.191,3.191,2.171,,,,yes,,,,75.2
way/1019064817,2,1.127,1.0,75.221,76.331,76.478,1.504,72.139,72.018,3.082,4.192,4.339,3.203,,,,yes,,,,61.7
way/102310986,1,0.837,1.0,73.359,73.359,73.359,0.0,69.305,67.755,4.055,4.055,4.055,5.605,7.5,levels,-3.445,yes,2,,,344.4
way/102310988,1,0.86,1.0,80.17,80.17,80.17,0.0,65.479,65.254,14.692,14.692,14.692,14.917,7.5,levels,7.192,residential,2,,,422.0
way/102310991,2,0.497,1.0,77.296,77.387,78.303,2.267,74.246,73.649,3.049,3.141,4.056,3.647,,,,yes,,,,657.2
way/1024992741,1,0.968,0.973,113.469,113.836,116.335,6.301,79.841,79.427,33.628,33.995,36.495,34.042,,,,apartments,,,,1404.1
way/1025590292,1,0.729,1.0,105.145,105.234,105.336,0.474,98.387,97.841,6.758,6.847,6.949,7.304,,,,hotel,,,,273.1
way/1038203382,2,0.964,1.0,124.72,125.802,125.945,1.368,82.638,82.085,42.082,43.164,43.307,42.635,,,,office,,,Avenue Business Centre,495.0
way/1044783344,1,0.737,1.0,80.995,81.047,81.06,0.346,76.839,76.465,4.156,4.208,4.221,4.53,,,,yes,,,,151.7
way/1054010392,1,0.991,1.0,85.875,87.739,89.342,4.603,82.527,82.526,3.348,5.211,6.815,3.349,,,,yes,,,,424.3
way/107668734,1,0.678,1.0,85.526,88.318,88.468,6.66,78.48,78.43,7.045,9.837,9.987,7.096,,,,yes,,,,450.9
way/1097080304,2,0.095,1.0,89.879,90.057,90.175,0.13,87.649,87.594,2.231,2.408,2.526,2.285,,,,yes,,,,660.2
way/109763448,1,0.928,0.889,97.329,99.701,100.042,3.607,83.41,83.33,13.919,16.291,16.632,13.999,13.5,levels,0.419,yes,4,,,329.3
way/109763455,1,0.893,0.75,90.27,91.69,93.908,5.434,85.907,85.713,4.363,5.784,8.001,4.557,,,,yes,,,,642.7
way/109763464,1,0.155,1.0,92.217,92.257,92.257,0.131,85.847,85.677,6.37,6.41,6.41,6.54,,,,yes,,,,623.6
way/109763465,2,0.831,0.833,89.659,90.075,90.161,1.269,85.699,85.619,3.96,4.375,4.461,4.04,,,,yes,,,,643.3
way/109763467,1,1.055,0.9,91.1,91.204,91.463,1.978,86.431,86.225,4.669,4.773,5.032,4.875,,,,yes,,,,422.3
way/109763471,1,1.063,1.0,90.575,91.748,91.956,3.417,86.235,85.995,4.34,5.513,5.721,4.579,,,,yes,,,,429.5
way/1105874704,1,1.265,0.8,92.126,92.334,92.584,1.511,87.639,87.595,4.487,4.695,4.945,4.531,,,,yes,,,,238.5
way/1116152568,1,0.895,1.0,108.461,108.731,108.802,0.816,97.57,97.192,10.891,11.161,11.232,11.269,,,,yes,,,,189.2
way/1123839955,1,0.712,1.0,78.346,78.602,78.788,0.492,76.315,75.99,2.031,2.287,2.474,2.356,15.0,height,-12.969,hotel,5,15,Richmond Hotel,202.9
way/1123839956,4,1.03,1.0,90.492,90.662,90.858,0.684,78.805,77.502,11.687,11.858,12.053,12.99,,,,yes,,,,475.9
way/1123839957,1,0.933,1.0,81.25,81.25,81.74,0.686,76.433,76.247,4.817,4.817,5.307,5.003,,,,yes,,,,47.6
way/1123839958,2,0.699,1.0,79.676,79.871,80.557,0.786,76.815,76.382,2.861,3.056,3.742,3.294,,,,yes,,,,117.7
way/1125768906,1,0.887,1.0,102.23,102.274,102.328,0.498,93.978,93.63,8.252,8.296,8.351,8.6,,,,commercial,,,Serviciul Tehnologii Informaționale al MAI,486.8
way/1147775820,3,1.02,1.0,72.057,75.379,75.96,0.609,60.199,59.509,11.858,15.179,15.76,12.548,16.5,levels,-4.642,yes,5,,,998.2
way/1155309903,1,0.848,1.0,91.813,91.887,91.887,0.122,86.505,86.496,5.308,5.383,5.383,5.317,,,,yes,,,,135.0
way/1155309904,1,1.05,0.778,90.188,93.166,100.793,10.74,86.553,86.509,3.635,6.613,14.24,3.679,,,,yes,,,,68.7
way/116811091,1,0.933,1.0,84.09,84.372,84.763,1.37,70.451,70.18,13.639,13.921,14.312,13.91,,,,yes,,,,896.7
way/1216897029,1,0.83,1.0,67.422,67.547,67.588,0.417,64.195,63.913,3.227,3.353,3.393,3.509,,,,yes,,,,82.8
way/1217162207,1,0.841,1.0,75.777,75.777,75.777,0.492,73.444,72.993,2.332,2.332,2.332,2.784,,,,yes,,,,68.1
way/1217562498,1,1.853,0.7,85.087,85.742,86.662,1.875,77.144,76.017,7.943,8.598,9.517,9.07,,,,yes,,,,473.2
way/1220064811,1,0.98,0.875,84.911,86.628,89.927,5.297,82.49,82.01,2.421,4.138,7.437,2.9,,,,yes,,,,108.3
way/1220064812,1,1.121,1.0,89.876,89.927,90.002,0.265,82.781,82.362,7.095,7.146,7.221,7.514,,,,yes,,,,42.4
way/122497768,1,0.846,0.818,98.215,98.396,99.372,2.519,94.323,92.489,3.892,4.073,5.048,5.726,,,,yes,,,,1394.3
way/1262219704,2,0.156,1.0,60.898,60.994,61.396,0.63,52.144,52.044,8.754,8.85,9.252,8.853,,,,yes,,,,1049.8
way/1262219705,1,1.002,0.839,59.961,60.338,60.393,0.751,53.199,52.91,6.762,7.139,7.194,7.051,,,,yes,,,,264.0
way/1264058773,1,0.982,0.909,76.12,76.265,77.318,1.277,69.465,68.99,6.655,6.8,7.853,7.13,,,,yes,,,,143.1
way/1264058775,1,1.544,0.7,73.167,73.499,73.659,0.492,69.281,69.176,3.886,4.218,4.378,3.991,,,,yes,,,,50.3
way/1264058779,1,0.988,1.0,75.049,75.049,75.344,0.491,69.25,69.148,5.799,5.799,6.094,5.902,,,,yes,,,,123.7
way/1264058782,1,0.771,1.0,72.058,72.452,72.747,1.082,69.718,69.521,2.34,2.734,3.029,2.537,,,,yes,,,,77.9
way/1264058783,1,1.119,0.889,72.845,73.14,74.223,1.968,70.389,69.934,2.456,2.751,3.833,2.911,,,,yes,,,,268.3
way/1264058784,1,0.978,0.929,73.063,73.21,73.505,1.183,70.485,70.414,2.578,2.724,3.019,2.649,,,,yes,,,,196.0
way/1264058785,2,1.048,1.0,71.866,73.201,73.886,1.278,70.173,69.79,1.693,3.028,3.713,2.076,,,,yes,,,,127.3
way/1264058787,1,0.948,1.0,72.804,72.804,73.787,1.18,69.556,69.41,3.248,3.248,4.231,3.394,,,,yes,,,,55.6
way/1264058791,1,0.286,1.0,72.807,72.808,72.814,1.384,69.396,69.149,3.411,3.412,3.418,3.658,,,,yes,,,,181.8
way/1264058793,1,1.939,0.818,71.106,71.724,73.494,3.342,68.965,68.356,2.142,2.76,4.529,2.75,,,,yes,,,,193.2
way/1264058794,1,0.993,0.929,71.565,71.762,73.926,3.345,68.523,67.913,3.042,3.239,5.404,3.651,,,,yes,,,,170.1
way/1264058795,2,0.902,1.0,70.479,72.88,73.396,2.262,67.607,67.321,2.872,5.273,5.789,3.159,,,,yes,,,,280.9
way/1264058796,1,0.984,1.0,70.83,71.518,73.711,2.882,67.28,67.211,3.55,4.238,6.431,3.619,,,,yes,,,,210.7
way/1264058797,1,0.657,1.0,71.549,71.623,71.863,2.265,67.142,67.105,4.407,4.481,4.721,4.444,,,,yes,,,,54.5
way/1264058798,1,0.86,1.0,69.968,70.174,70.372,0.986,66.923,66.758,3.046,3.252,3.449,3.211,,,,yes,,,,51.2
way/1264058799,1,0.584,0.889,69.681,69.78,70.772,2.174,67.079,67.042,2.602,2.701,3.693,2.639,,,,yes,,,,182.4
way/1264058800,3,1.317,0.846,68.848,69.779,70.914,3.006,66.928,65.729,1.921,2.851,3.987,3.119,,,,yes,,,,460.3
way/1264058802,1,1.192,1.0,78.009,78.023,78.027,0.154,65.769,65.132,12.24,12.254,12.258,12.877,,,,yes,,,,121.8
way/1264058803,1,0.817,1.0,67.748,68.2,68.301,0.986,65.89,65.71,1.857,2.309,2.411,2.037,,,,yes,,,,65.0
way/1264058808,1,0.957,1.0,68.107,68.188,68.466,0.9,65.602,64.967,2.505,2.586,2.864,3.14,,,,yes,,,,366.3
way/1264058809,2,1.044,1.0,68.189,69.907,73.516,3.717,65.307,64.797,2.882,4.6,8.209,3.392,,,,yes,,,,354.8
way/1264058810,1,1.893,0.8,67.033,67.854,67.975,1.482,64.511,64.44,2.522,3.343,3.464,2.593,,,,yes,,,,23.6
way/1264058811,1,0.93,1.0,71.8,71.901,72.076,0.277,64.512,64.408,7.289,7.389,7.564,7.392,,,,yes,,,,129.2
way/1264058812,1,0.944,1.0,66.845,67.034,67.097,0.294,64.483,64.374,2.362,2.551,2.614,2.471,,,,yes,,,,22.5
way/1264058815,2,0.457,0.75,68.533,68.832,69.027,0.886,66.468,66.098,2.065,2.363,2.558,2.435,,,,yes,,,,163.2
way/1264058816,1,1.168,0.86,69.321,69.765,72.227,3.448,66.541,66.261,2.781,3.224,5.687,3.061,,,,yes,,,,427.3
way/1264058817,1,0.989,1.0,68.78,69.249,69.666,1.182,66.76,66.628,2.02,2.489,2.907,2.152,,,,yes,,,,207.6
way/1264058819,1,1.198,1.0,67.415,67.908,68.067,0.652,65.375,65.243,2.039,2.532,2.692,2.172,,,,yes,,,,32.8
way/1264058820,2,0.851,0.833,67.007,67.854,70.201,3.301,65.683,64.867,1.324,2.171,4.518,2.14,,,,yes,,,,195.7
way/1264058822,1,1.027,1.0,68.791,68.988,69.185,0.886,66.801,66.297,1.99,2.187,2.384,2.494,,,,yes,,,,241.8
way/1264058823,2,0.942,0.857,69.383,69.655,70.461,0.983,67.618,67.244,1.764,2.037,2.843,2.139,,,,yes,,,,95.5
way/1264479449,1,0.998,0.889,76.111,76.439,76.454,0.786,74.065,73.683,2.046,2.374,2.39,2.428,,,,yes,,,,109.5
way/1264479450,1,1.167,1.0,76.496,76.552,76.651,0.196,73.626,73.37,2.87,2.927,3.025,3.126,,,,yes,,,,134.4
way/1264479451,1,1.16,0.875,76.998,77.104,77.194,2.258,73.084,72.675,3.914,4.02,4.111,4.323,,,,yes,,,,95.5
way/1264479452,1,1.125,0.875,78.359,78.504,78.504,0.883,74.583,74.112,3.776,3.922,3.922,4.247,,,,yes,,,,107.7
way/127993488,1,0.885,1.0,118.02,118.223,118.409,0.583,107.122,106.614,10.898,11.1,11.287,11.407,10.5,levels,0.398,yes,3,,,482.3
way/127993606,3,0.996,1.0,106.979,107.546,108.353,1.963,103.908,103.102,3.071,3.639,4.446,3.878,,,,yes,,,,271.7
way/127993623,4,1.086,1.0,109.955,111.372,111.714,0.977,104.282,103.349,5.673,7.089,7.431,6.606,10.0,height,-4.327,kindergarten,2,10 m,,1114.1
way/127993635,1,1.197,1.0,111.459,111.459,111.459,0.196,107.472,107.232,3.987,3.987,3.987,4.227,,,,yes,,,,383.6
way/127993641,1,0.814,1.0,113.461,114.539,114.539,1.568,103.116,102.918,10.344,11.423,11.423,10.543,,,,yes,,,,326.0
way/127993647,1,1.069,1.0,109.083,109.176,109.18,0.098,105.201,104.816,3.882,3.976,3.98,4.267,,,,yes,,,,292.1
way/127993654,1,1.143,0.889,107.11,107.528,107.528,0.879,103.694,103.468,3.416,3.834,3.834,3.642,4.5,levels,-1.084,yes,1,,,279.0
way/127993660,1,1.089,1.0,115.36,115.36,115.556,0.294,111.385,111.523,3.975,3.975,4.17,3.837,,,,yes,,,,377.5
way/127993665,1,0.872,1.0,107.885,108.082,108.082,0.196,100.268,99.955,7.617,7.814,7.814,7.93,7.5,levels,0.117,yes,2,,,413.3
way/127993669,1,1.103,1.0,106.431,106.453,106.747,1.27,103.091,102.485,3.339,3.362,3.655,3.945,,,,yes,,,,178.4
way/127993673,1,0.798,1.0,112.443,112.443,112.443,0.0,110.031,109.684,2.412,2.412,2.412,2.76,,,,yes,,,,65.3
way/127993710,1,0.843,1.0,111.88,111.88,111.88,0.196,103.389,103.0,8.491,8.491,8.491,8.88,,,,yes,,,,274.6
way/129365897,1,0.935,1.0,95.569,95.68,95.699,0.292,86.34,85.43,9.229,9.339,9.359,10.139,,,,yes,,,,340.0
way/129365908,1,0.864,0.8,94.962,95.31,95.611,1.495,85.894,85.119,9.068,9.415,9.717,9.843,,,,yes,,,,690.8
way/129365909,1,1.009,0.857,103.679,103.761,104.0,0.544,84.494,84.164,19.185,19.267,19.507,19.515,,,,commercial,,,SG Business Center,1071.6
way/129365916,1,0.947,1.0,91.803,91.849,91.849,0.293,85.427,85.351,6.376,6.422,6.422,6.452,,,,yes,,,,133.8
way/129365918,1,0.906,0.818,88.921,89.173,89.865,1.443,85.836,85.588,3.085,3.338,4.029,3.333,,,,yes,,,,383.3
way/129365920,1,1.016,0.75,94.778,94.908,94.908,0.5,86.165,86.129,8.613,8.742,8.742,8.648,,,,yes,,,,368.1
way/129365923,1,0.983,0.741,95.976,96.355,96.813,4.282,86.207,85.875,9.768,10.148,10.606,10.1,10.5,levels,-0.732,school,3,,,1646.5
way/129367968,1,0.942,1.0,95.676,95.683,95.781,0.134,81.344,80.687,14.332,14.338,14.437,14.99,,,,yes,,,Întreprinderea de Stat „Servicii Pază” a Ministerului Afacerilor Interne,516.5
way/129367969,2,1.007,1.0,81.479,81.676,82.361,0.882,77.925,76.504,3.554,3.751,4.436,4.975,,,,yes,,,,695.3
way/129367970,1,1.086,0.818,88.48,89.771,92.528,5.533,83.036,82.25,5.444,6.734,9.492,6.23,,,,yes,,,,543.3
way/129367971,1,0.97,0.867,86.697,86.731,89.178,3.701,82.415,81.926,4.283,4.317,6.764,4.772,,,,yes,,,,472.0
way/129367972,1,1.094,0.75,86.461,87.912,88.999,6.026,81.445,81.041,5.015,6.466,7.554,5.42,,,,yes,,,,462.3
way/129367973,1,0.245,1.0,86.515,86.824,87.201,3.723,78.384,78.097,8.131,8.44,8.817,8.418,,,,yes,,,,521.5
way/129367977,2,0.918,1.0,85.18,85.473,85.963,1.496,78.876,78.357,6.304,6.598,7.087,6.823,,,,yes,,,,780.1
way/129367978,1,0.926,1.0,87.888,88.042,88.14,2.054,79.044,79.03,8.843,8.998,9.096,8.858,,,,yes,,,,460.6
way/129367981,1,1.108,0.714,94.692,97.968,100.741,8.778,76.305,75.25,18.387,21.663,24.436,19.442,,,,hotel,,,,404.4
way/129367984,1,0.968,1.0,88.254,88.258,88.272,0.057,81.598,81.548,6.656,6.66,6.674,6.706,,,,yes,,,,176.2
way/1312377578,1,0.835,1.0,83.419,83.713,87.629,5.973,78.219,77.623,5.2,5.494,9.411,5.796,,,,yes,,,,117.5
way/1323283702,1,0.844,1.0,76.037,77.141,79.728,4.018,73.318,72.764,2.719,3.823,6.409,3.273,,,,yes,,,,119.9
way/1326187494,1,1.04,1.0,70.647,70.721,70.73,0.378,64.897,64.479,5.75,5.824,5.833,6.167,,,,yes,,,,53.9
way/1326187495,1,1.212,0.818,68.462,68.849,69.043,1.589,64.489,62.53,3.973,4.359,4.554,5.933,,,,yes,,,,312.0
way/1326187496,1,0.96,1.0,82.915,83.603,84.748,2.909,72.903,72.444,10.012,10.699,11.845,10.471,,,,yes,,,,139.2
way/1326187497,1,1.012,1.0,75.222,75.632,75.632,0.681,72.821,72.44,2.402,2.811,2.811,2.782,,,,yes,,,,152.3
way/1326187498,1,1.138,1.0,79.811,79.811,80.007,0.589,72.802,72.299,7.01,7.01,7.206,7.512,,,,yes,,,,326.2
way/1326187499,1,1.196,1.0,66.726,66.768,66.774,0.291,63.357,63.249,3.37,3.411,3.417,3.477,,,,yes,,,,17.1
way/1326187500,1,0.976,1.0,67.049,67.052,67.052,0.156,62.961,62.753,4.088,4.092,4.092,4.296,,,,yes,,,,34.2
way/1326187501,1,0.128,1.0,64.105,64.186,64.276,0.281,61.257,60.996,2.848,2.929,3.019,3.109,,,,yes,,,,274.0
way/1326187502,1,0.986,0.882,101.242,106.112,107.656,7.595,56.193,54.546,45.049,49.919,51.463,46.696,,,,yes,,,,580.0
way/1326187503,1,1.039,1.0,59.789,59.881,59.881,0.402,55.256,54.898,4.533,4.625,4.625,4.891,,,,yes,,,,108.5
way/1326187504,1,1.203,1.0,58.344,58.523,58.875,1.776,54.471,53.779,3.873,4.052,4.404,4.566,,,,yes,,,,379.9
way/1326187505,1,1.184,1.0,57.978,58.101,58.103,0.413,54.021,53.355,3.957,4.08,4.082,4.623,,,,yes,,,,159.0
way/1326187507,1,1.06,1.0,66.057,66.203,66.313,0.31,55.412,55.439,10.645,10.792,10.901,10.619,,,,yes,,,,301.2
way/1326187508,1,1.038,1.0,59.033,59.192,59.31,0.454,54.808,54.689,4.225,4.384,4.502,4.343,,,,yes,,,,58.5
way/1326187509,1,0.996,1.0,57.509,57.627,57.628,0.184,54.925,54.333,2.584,2.702,2.703,3.176,,,,yes,,,,122.1
way/1326187510,2,1.169,0.75,59.628,60.108,60.108,0.652,55.322,54.845,4.306,4.786,4.786,4.784,,,,yes,,,,143.1
way/1326187511,1,1.206,1.0,57.421,57.421,57.426,0.414,54.398,54.332,3.024,3.024,3.029,3.09,,,,yes,,,,9.3
way/1326187512,1,1.037,1.0,57.294,57.638,58.178,1.48,54.48,54.346,2.814,3.159,3.698,2.947,,,,yes,,,,64.0
way/1326187513,1,1.036,1.0,56.361,56.508,56.866,0.828,54.53,54.259,1.831,1.978,2.336,2.102,,,,yes,,,,66.3
way/1326187514,1,0.997,1.0,57.293,57.611,58.157,1.802,54.402,54.105,2.891,3.208,3.754,3.188,,,,yes,,,,73.8
way/1326187515,1,1.011,1.0,56.996,57.069,57.323,0.612,54.001,53.688,2.995,3.068,3.322,3.308,,,,yes,,,,79.8
way/1326198636,1,0.775,1.0,87.336,87.579,88.207,0.958,84.269,84.102,3.066,3.31,3.937,3.234,,,,yes,,,,426.1
way/1326198637,1,0.838,1.0,87.297,87.396,87.626,1.081,83.937,83.549,3.36,3.459,3.689,3.747,,,,yes,,,,151.9
way/1326198638,1,0.995,1.0,94.973,95.012,95.374,4.46,87.549,87.068,7.425,7.464,7.826,7.906,,,,yes,,,,905.9
way/1326198639,1,1.275,1.0,91.817,93.269,94.806,4.32,87.574,87.482,4.243,5.696,7.233,4.335,,,,yes,,,,63.7
way/1326198641,1,1.211,1.0,90.893,90.911,90.911,0.294,85.875,85.49,5.018,5.036,5.036,5.404,,,,yes,,,,81.2
way/1326198642,1,0.848,1.0,89.919,89.939,89.959,0.057,87.76,87.693,2.159,2.179,2.199,2.225,,,,yes,,,,47.3
way/1326198643,1,1.148,1.0,95.844,97.015,97.059,2.852,91.088,90.358,4.755,5.927,5.971,5.485,,,,yes,,,,133.4
way/1326198644,1,1.033,0.9,94.225,94.225,94.241,0.146,90.26,89.869,3.965,3.965,3.981,4.356,,,,yes,,,,212.4
way/1326198645,1,1.102,1.0,94.205,97.222,97.912,3.854,92.374,91.88,1.831,4.848,5.537,2.326,,,,yes,,,,268.1
way/1326198646,1,1.042,0.75,98.902,98.912,98.912,1.173,95.307,94.91,3.595,3.605,3.605,3.992,,,,yes,,,,92.3
way/1326198647,1,1.121,1.0,91.632,91.632,91.662,1.166,88.257,88.062,3.375,3.375,3.404,3.57,,,,yes,,,,105.2
way/1326198648,1,1.011,1.0,91.815,92.136,92.248,0.505,89.682,89.499,2.134,2.454,2.566,2.316,,,,yes,,,,94.8
way/1326198650,1,1.049,1.0,94.746,95.47,96.074,2.508,91.257,90.758,3.49,4.213,4.817,3.989,,,,yes,,,,348.0
way/1327291211,1,1.134,0.833,93.281,93.632,93.73,1.552,88.214,87.079,5.067,5.418,5.516,6.202,,,,yes,,,,440.8
way/1327291212,1,1.297,1.0,91.808,91.808,91.877,0.231,88.012,87.741,3.796,3.796,3.864,4.067,,,,yes,,,,37.8
way/1327291213,1,1.243,1.0,93.747,93.973,94.054,1.669,89.312,89.174,4.435,4.661,4.742,4.574,,,,yes,,,,75.2
way/1328520648,1,0.946,1.0,91.88,92.017,92.018,0.272,87.71,87.614,4.17,4.307,4.307,4.266,,,,yes,,,,71.9
way/1332572077,1,0.989,1.0,66.354,66.354,66.354,0.0,63.008,62.682,3.346,3.346,3.346,3.672,,,,yes,,,,151.5
way/1332572078,1,1.009,1.0,68.25,68.672,69.37,1.591,66.185,65.609,2.065,2.487,3.185,2.641,,,,yes,,,,457.2
way/1332572080,1,0.984,1.0,77.049,77.387,77.773,1.104,74.433,74.176,2.616,2.954,3.34,2.873,,,,yes,,,,134.5
way/1332572081,1,0.99,1.0,77.311,77.471,77.738,0.94,74.318,73.719,2.993,3.152,3.42,3.592,,,,yes,,,,136.9
way/1332572082,1,0.986,1.0,77.227,77.439,77.439,1.438,72.203,71.764,5.024,5.236,5.236,5.463,,,,yes,,,,82.7
way/1332572083,1,1.024,1.0,73.59,73.664,73.664,1.184,70.856,70.267,2.734,2.808,2.808,3.323,,,,yes,,,,67.1
way/135644929,1,0.951,0.818,96.853,97.07,97.182,0.71,93.74,93.45,3.114,3.331,3.443,3.404,,,,yes,,,,241.7
way/135644936,1,0.957,1.0,93.929,94.051,102.52,10.808,89.043,88.29,4.886,5.008,13.477,5.64,,,,yes,,,Biserica Ortodoxă Română „Sfânta Cuvioasă Teodora de la Sihla”,565.8
way/135644939,2,0.91,0.867,95.931,97.178,97.504,2.331,93.004,92.133,2.926,4.174,4.5,3.798,,,,yes,,,,355.5
way/135644953,1,0.968,1.0,101.428,101.855,102.109,8.365,88.13,87.704,13.297,13.725,13.978,13.723,,,,yes,,,,823.4
way/135644976,1,1.237,1.0,115.578,115.848,115.848,0.488,110.838,110.729,4.74,5.01,5.01,4.849,,,,yes,,,,200.6
way/135644982,1,1.002,0.75,106.525,106.525,106.721,1.271,102.166,101.6,4.359,4.359,4.555,4.925,,,,yes,,,,271.5
way/135644986,1,0.921,1.0,108.272,108.272,108.272,0.88,104.498,103.928,3.774,3.774,3.774,4.344,,,,yes,,,,174.7
way/135644988,1,1.018,1.0,116.942,117.038,117.441,0.583,110.107,109.585,6.835,6.931,7.334,7.357,,,,yes,,,,213.6
way/135644993,1,1.099,0.7,116.519,116.519,119.54,3.8,110.366,109.969,6.153,6.153,9.174,6.55,,,,yes,,,,245.3
way/135644999,2,0.747,1.0,114.772,114.87,115.358,0.683,105.137,104.771,9.635,9.733,10.221,10.001,,,,yes,,,,313.7
way/135645003,1,1.282,0.75,114.715,114.727,114.91,0.584,111.338,111.147,3.376,3.389,3.571,3.568,,,,yes,,,,160.2
way/135645017,1,1.011,1.0,115.981,115.981,115.981,0.292,111.386,111.202,4.595,4.595,4.595,4.779,,,,yes,,,,168.6
way/135645021,1,0.233,0.714,111.085,112.013,112.013,2.149,106.602,106.325,4.483,5.411,5.411,4.76,,,,yes,,,,258.9
way/135645022,1,0.029,1.0,92.049,92.365,92.365,0.602,89.619,88.563,2.43,2.746,2.746,3.487,,,,yes,,,,1796.0
way/135645030,1,1.03,1.0,110.133,110.415,110.514,0.883,106.834,106.378,3.3,3.582,3.68,3.755,,,,yes,,,,237.1
way/135645035,1,1.124,0.909,115.859,116.002,116.153,0.293,107.016,106.662,8.844,8.987,9.137,9.197,,,,yes,,,,356.7
way/135645036,1,1.531,0.75,107.328,107.328,107.328,0.0,104.788,104.584,2.54,2.54,2.54,2.744,,,,yes,,,,188.2
way/135645037,1,1.842,0.733,121.286,122.854,123.535,3.324,106.111,105.92,15.175,16.743,17.424,15.366,,,,yes,,,,307.8
way/135645038,1,0.842,1.0,115.028,115.104,116.465,2.333,106.09,105.765,8.939,9.014,10.375,9.264,,,,yes,,,,270.5
way/135645042,2,0.961,0.8,95.064,95.723,96.338,1.324,91.044,90.615,4.02,4.679,5.293,4.449,,,,yes,,,,413.4
way/135645046,1,1.358,0.765,99.92,100.058,101.463,2.16,94.922,94.781,4.998,5.136,6.541,5.138,,,,yes,,,,412.4
way/135645050,1,1.184,0.75,105.449,105.449,105.645,0.782,101.63,101.344,3.82,3.82,4.015,4.105,,,,yes,,,,506.7
way/135645054,1,0.997,0.714,110.889,110.937,112.077,13.932,89.467,88.267,21.422,21.47,22.609,22.622,13.5,levels,7.922,school,4,,,1150.8
way/136517741,1,0.87,1.0,85.278,85.35,85.42,0.188,77.0,76.836,8.277,8.35,8.42,8.442,,,,yes,,,,544.9
way/136517748,1,1.166,0.851,82.565,82.622,82.728,0.355,77.682,78.744,4.883,4.939,5.045,3.821,,,,yes,,,,1108.9
way/137312219,1,0.979,1.0,82.849,84.611,84.81,3.795,78.388,78.344,4.461,6.223,6.422,4.505,,,,yes,,,,420.3
way/141868186,1,0.904,0.833,93.785,93.83,93.85,0.075,86.855,86.689,6.931,6.975,6.996,7.097,,,,yes,,,,159.8
way/141868188,1,0.924,0.931,90.699,91.573,93.353,3.466,87.021,86.499,3.678,4.552,6.332,4.2,,,,yes,,,,688.5
way/141868195,2,0.368,1.0,92.173,92.399,93.088,1.035,88.222,87.619,3.951,4.177,4.866,4.553,,,,yes,,,,2130.1
way/141868198,1,1.156,1.0,91.377,92.86,94.414,9.235,81.535,81.067,9.842,11.325,12.879,10.31,,,,yes,,,,212.7
way/141868199,1,0.368,0.929,89.828,89.892,90.14,0.458,87.406,87.302,2.421,2.485,2.734,2.526,,,,yes,,,,358.9
way/141868200,1,1.017,1.0,91.393,91.4,91.436,0.503,87.214,87.158,4.179,4.186,4.222,4.235,,,,yes,,,,552.1
way/141868202,1,1.032,0.778,91.581,91.853,92.134,1.039,87.872,87.374,3.708,3.981,4.262,4.206,,,,yes,,,,868.3
way/141868204,2,0.602,1.0,91.699,92.901,93.137,1.323,87.47,87.119,4.229,5.432,5.667,4.579,,,,house,,,,544.5
way/141868205,1,0.517,1.0,84.143,85.344,87.114,3.549,81.325,80.162,2.818,4.019,5.788,3.981,,,,yes,,,,368.9
way/141868207,1,0.815,0.714,91.34,91.424,92.744,1.709,87.351,87.121,3.989,4.073,5.393,4.219,,,,house,,,,317.0
way/141868209,1,0.58,0.833,90.738,91.123,92.026,2.886,86.256,86.299,4.482,4.867,5.77,4.44,,,,yes,,,,828.0
way/141868211,2,1.025,0.818,91.999,94.344,95.462,3.682,87.595,87.436,4.404,6.749,7.867,4.562,,,,house,,,,402.5
way/141868218,2,0.919,1.0,92.9,93.125,93.603,0.987,86.63,86.539,6.27,6.495,6.972,6.362,,,,yes,,,,196.8
way/141868219,1,0.842,1.0,92.393,92.529,96.116,3.825,88.137,87.704,4.256,4.393,7.98,4.689,,,,house,,,,159.2
way/141868220,1,0.825,1.0,91.34,92.088,92.953,2.429,88.281,87.911,3.059,3.807,4.672,3.429,,,,house,,,,299.9
way/141868221,1,0.924,1.0,103.959,104.095,104.23,2.589,87.143,86.919,16.816,16.951,17.087,17.04,,,,yes,,,,213.0
way/141868224,1,0.513,0.875,94.298,94.362,94.762,1.649,88.743,88.683,5.555,5.619,6.019,5.616,,,,yes,,,,456.9
way/141868226,1,0.71,0.885,91.754,92.188,94.499,3.264,88.86,88.705,2.893,3.328,5.639,3.049,,,,yes,,,,561.5
way/141868228,1,1.295,1.0,93.423,93.423,93.423,0.0,84.169,83.906,9.255,9.255,9.255,9.517,,,,yes,,,,222.0
way/142259266,1,0.113,1.0,66.331,67.44,67.909,1.874,64.922,63.647,1.409,2.519,2.987,2.684,,,,yes,,,,340.4
way/142259269,1,1.168,0.75,69.287,69.287,70.076,1.282,67.003,66.018,2.284,2.284,3.073,3.269,,,,yes,,,,277.0
way/142259270,1,0.946,1.0,75.051,75.066,75.248,0.393,72.473,72.223,2.578,2.593,2.775,2.828,,,,yes,,,,130.5
way/142259271,1,1.196,0.818,66.574,66.649,66.802,0.839,59.706,59.547,6.868,6.943,7.096,7.027,,,,yes,,,,124.1
way/142259275,1,1.204,0.818,69.771,70.184,70.331,1.183,67.602,67.446,2.169,2.582,2.73,2.324,,,,yes,,,,169.2
way/142259276,1,0.936,1.0,71.091,71.718,71.983,3.039,65.695,64.847,5.397,6.023,6.289,6.244,,,,yes,,,,142.8
way/142259277,1,1.169,1.0,68.9,69.418,69.418,0.551,64.274,63.925,4.626,5.144,5.144,4.975,,,,yes,,,PT-51,73.7
way/142259279,1,0.796,0.917,89.998,89.998,89.998,0.391,74.606,74.517,15.393,15.393,15.393,15.481,13.5,levels,1.893,office,4,,Lukoil Moldova,270.4
way/142259280,1,1.172,0.923,71.69,72.373,72.539,3.153,63.817,62.998,7.874,8.556,8.722,8.692,,,,yes,,,,214.5
way/142259282,1,1.146,0.81,67.217,67.276,67.473,1.556,64.49,63.596,2.727,2.787,2.983,3.621,,,,yes,,,,351.0
way/142259286,1,1.245,0.737,64.895,65.047,65.363,1.107,63.482,61.162,1.413,1.564,1.88,3.734,,,,yes,,,,347.9
way/142900972,1,0.787,1.0,86.844,87.202,87.41,1.808,84.204,83.614,2.641,2.998,3.207,3.23,,,,yes,,,,245.7
way/143181536,1,0.69,1.0,86.147,86.801,86.906,0.891,82.688,82.406,3.458,4.113,4.218,3.74,,,,yes,,,,159.3
way/143181537,2,0.977,1.0,87.832,87.872,87.971,2.056,82.902,82.709,4.93,4.97,5.069,5.123,,,,yes,,,,117.7
way/146076884,1,0.98,1.0,95.279,95.353,95.408,0.706,91.307,91.324,3.972,4.046,4.102,3.954,,,,yes,,,,209.0
way/146076894,1,1.082,1.0,100.642,100.689,100.836,0.392,87.4,87.219,13.241,13.289,13.436,13.423,,,,yes,,,,270.7
way/146076916,1,1.048,0.909,93.752,93.797,93.894,0.926,89.763,89.413,3.989,4.034,4.132,4.339,,,,yes,,,,201.7
way/146076921,1,1.297,0.833,95.616,95.973,96.343,1.194,86.649,86.345,8.967,9.324,9.694,9.271,,,,yes,,,,251.0
way/146076943,1,0.961,1.0,96.507,96.62,96.809,0.693,90.938,90.553,5.569,5.682,5.871,5.954,,,,yes,,,Ministerul Culturii,808.6
way/146076950,1,1.116,0.846,94.768,94.858,95.808,4.613,88.321,88.2,6.447,6.537,7.487,6.567,,,,yes,,,,872.0
way/148685646,2,0.994,1.0,81.153,81.339,81.541,0.784,72.367,72.054,8.786,8.972,9.173,9.099,,,,yes,,,,363.5
way/148685647,1,1.082,1.0,80.628,80.702,80.775,0.393,74.25,74.252,6.378,6.452,6.526,6.376,,,,yes,,,,111.9
way/148685648,2,0.915,0.833,76.76,79.358,81.662,6.079,71.876,71.395,4.883,7.481,9.785,5.365,,,,yes,,,,642.2
way/148685653,1,1.12,1.0,81.737,81.933,81.933,0.392,73.558,72.257,8.179,8.375,8.375,9.48,,,,yes,,,,219.3
way/148685657,1,1.034,1.0,81.364,81.471,81.659,0.49,74.257,74.102,7.107,7.214,7.401,7.263,,,,yes,,,Sinagoga „Habad Liubavici”,290.1
way/148685660,1,0.994,0.85,79.409,80.096,80.685,1.767,72.389,71.661,7.019,7.706,8.295,7.748,10.5,levels,-3.481,yes,3,,,217.8
way/148685665,1,1.075,0.7,73.226,73.423,73.423,0.885,68.966,68.756,4.26,4.457,4.457,4.47,,,,detached,,,,242.8
way/148685667,1,0.883,0.739,83.165,83.459,83.852,3.43,74.778,74.034,8.386,8.681,9.073,9.13,,,,yes,,,,754.1
way/148685668,1,1.053,0.833,76.454,76.454,76.553,0.098,71.463,71.073,4.991,4.991,5.089,5.382,,,,yes,,,,321.3
way/148685669,1,1.057,1.0,78.07,78.254,78.364,1.176,73.802,73.462,4.269,4.452,4.562,4.609,,,,yes,,,,513.3
way/148685670,1,1.164,0.75,73.252,74.15,74.268,1.573,70.419,70.141,2.833,3.731,3.849,3.11,,,,yes,,,,214.3
way/148685676,1,0.862,1.0,76.919,77.653,79.481,3.733,72.1,71.858,4.819,5.553,7.382,5.061,,,,yes,,,,409.3
way/148685677,1,0.647,0.828,79.743,80.638,81.185,2.937,73.474,71.561,6.269,7.164,7.711,8.182,,,,yes,,,,1309.8
way/148685680,2,1.135,1.0,76.478,82.646,83.143,0.98,72.204,72.187,4.274,10.442,10.939,4.291,,,,yes,,,Inspecția Financiară a Ministerului Finanțelor,421.8
way/148685682,1,1.05,0.909,82.359,82.388,82.388,0.49,74.39,74.198,7.969,7.998,7.998,8.161,,,,yes,,,,436.3
way/148685683,1,1.13,0.75,72.871,73.559,74.051,1.573,68.218,68.083,4.653,5.341,5.833,4.787,,,,yes,,,,301.3
way/148685686,1,0.679,0.818,77.027,78.257,79.534,3.439,74.083,73.773,2.944,4.174,5.452,3.253,,,,yes,,,,278.7
way/148685687,1,1.09,1.0,78.748,78.748,78.748,2.553,71.101,70.977,7.647,7.647,7.647,7.772,,,,yes,,,,150.0
way/148685688,2,0.938,0.818,82.426,82.51,82.524,0.589,74.907,74.836,7.52,7.603,7.618,7.59,,,,yes,,,,319.5
way/148685690,1,1.224,0.778,75.505,75.615,79.577,4.612,72.212,71.804,3.293,3.403,7.365,3.701,,,,yes,,,,290.7
way/148685696,1,0.967,1.0,77.86,77.888,78.154,0.393,71.402,71.414,6.458,6.487,6.752,6.446,,,,yes,,,,148.4
way/148685698,1,1.364,0.714,79.254,79.362,79.376,0.393,71.244,70.844,8.01,8.118,8.132,8.411,,,,yes,,,,193.1
way/148685700,1,1.111,1.0,74.604,74.899,75.194,1.18,66.986,66.717,7.617,7.912,8.207,7.887,,,,yes,,,,115.6
way/148685703,1,1.473,0.75,76.052,76.444,76.64,1.668,72.463,72.298,3.589,3.981,4.177,3.753,,,,yes,,,,233.9
way/148685704,1,1.125,0.7,76.953,77.372,77.933,1.274,74.22,74.039,2.732,3.152,3.713,2.914,,,,yes,,,,174.1
way/148685706,1,1.064,1.0,73.383,73.679,73.679,0.59,70.992,70.911,2.391,2.687,2.687,2.472,4.5,levels,-2.109,commercial,1,,,112.7
way/148685708,1,0.877,1.0,73.105,73.386,73.4,0.984,69.073,68.526,4.033,4.313,4.328,4.579,,,,yes,,,,340.7
way/148685712,1,1.438,1.0,76.929,77.031,77.542,0.99,74.146,73.882,2.783,2.884,3.396,3.047,,,,yes,,,,89.8
way/148685715,2,1.04,1.0,73.826,77.18,78.064,1.18,71.056,70.648,2.77,6.124,7.008,3.179,,,,yes,,,,216.6
way/148685717,1,0.975,1.0,79.855,80.051,80.247,0.588,71.376,71.416,8.478,8.674,8.871,8.438,,,,yes,,,,514.6
way/148685718,2,1.051,0.8,79.199,80.07,80.405,1.568,74.056,73.697,5.142,6.014,6.349,5.502,,,,yes,,,,417.9
way/148685720,2,0.887,1.0,83.546,83.821,84.33,0.882,74.345,74.262,9.201,9.476,9.985,9.284,,,,yes,,,,607.8
way/148685722,3,0.583,0.75,85.014,87.557,88.828,2.543,75.401,74.665,9.613,12.156,13.428,10.349,,,,yes,,,,803.2
way/148687227,4,1.094,0.833,74.651,75.624,78.289,4.124,71.702,71.269,2.949,3.922,6.587,3.382,,,,yes,,,,1036.8
way/148687232,1,1.101,1.0,75.353,75.382,75.614,0.897,71.565,71.409,3.788,3.817,4.049,3.944,,,,yes,,,,144.6
way/148687239,1,1.009,1.0,74.838,75.006,75.274,0.491,71.169,70.79,3.669,3.837,4.105,4.048,,,,yes,,,,169.9
way/148687260,2,0.885,0.875,73.106,75.121,75.76,1.971,69.471,69.181,3.635,5.65,6.289,3.925,7.5,levels,-3.865,house,2,,,236.5
way/148687261,1,1.015,1.0,75.405,75.405,75.503,0.393,71.487,71.407,3.917,3.917,4.015,3.998,,,,yes,,,,135.6
way/148687288,3,0.972,0.818,77.375,78.914,81.117,4.08,73.199,72.252,4.177,5.715,7.919,5.123,,,,yes,,,,392.5
way/148691812,1,0.925,1.0,78.438,79.255,79.255,1.352,74.645,74.371,3.793,4.609,4.609,4.067,,,,industrial,,,,102.3
way/148691813,1,1.058,1.0,85.87,85.916,85.916,0.451,75.273,74.967,10.597,10.643,10.643,10.903,,,,industrial,,,,527.2
way/148691815,1,0.897,1.0,77.003,77.014,77.308,0.785,73.684,73.547,3.318,3.329,3.624,3.456,,,,yes,,,,140.3
way/148691819,1,0.888,1.0,78.193,78.232,78.389,0.49,74.301,74.034,3.892,3.931,4.088,4.159,,,,yes,,,,212.6
way/148691829,1,0.172,1.0,82.915,83.894,83.894,1.122,76.785,76.106,6.131,7.109,7.109,6.809,,,,yes,,,,964.3
way/148691840,1,0.866,0.846,82.384,82.677,84.095,3.37,77.504,76.529,4.88,5.173,6.591,5.855,,,,industrial,,,,850.7
way/148691841,1,0.885,1.0,80.786,81.008,81.008,1.103,76.968,76.662,3.818,4.04,4.04,4.124,,,,yes,,,,355.0
way/1544545273,2,1.065,1.0,99.567,101.705,101.706,0.474,95.401,94.998,4.166,6.304,6.305,4.569,,,,yes,,,,85.0
way/1545049720,1,0.721,0.727,85.557,86.328,86.628,2.985,80.389,80.179,5.169,5.939,6.239,5.379,,,,yes,,,,95.8
way/157311827,1,0.892,1.0,106.116,106.116,106.213,0.194,100.486,99.919,5.63,5.63,5.727,6.197,10.5,levels,-4.87,yes,3,,,267.4
way/157425388,1,0.963,1.0,105.056,105.361,105.406,0.541,96.772,96.603,8.283,8.589,8.634,8.453,,,,yes,,,,248.8
way/164292024,1,0.994,1.0,92.842,92.988,93.044,0.308,87.22,87.258,5.622,5.768,5.824,5.584,,,,yes,,,,220.8
way/164959207,1,1.065,0.857,79.327,79.449,79.724,0.64,70.769,69.833,8.558,8.68,8.955,9.494,,,,yes,,,,520.7
way/164959208,1,0.98,1.0,74.189,74.491,74.992,1.685,69.385,68.798,4.804,5.106,5.607,5.391,,,,yes,,,,282.1
way/164959210,1,1.305,0.722,70.302,71.407,72.1,2.145,67.622,67.175,2.681,3.785,4.479,3.128,,,,yes,,,,112.4
way/164959214,1,0.939,0.889,76.227,76.47,76.754,1.309,71.175,70.712,5.052,5.295,5.579,5.514,,,,yes,,,,304.0
way/164959217,2,1.166,0.833,82.03,82.134,82.247,1.489,78.062,77.195,3.968,4.071,4.184,4.835,,,,yes,,,,359.4
way/164959219,1,0.092,0.714,86.096,86.106,86.137,0.096,83.256,83.225,2.84,2.851,2.881,2.871,,,,yes,,,,243.4
way/164959220,1,1.239,1.0,83.221,83.232,83.307,0.298,78.445,78.287,4.776,4.788,4.863,4.934,,,,yes,,,,177.5
way/164959223,1,1.109,1.0,82.499,82.53,82.655,0.782,74.796,74.361,7.702,7.733,7.859,8.138,,,,yes,,,,264.0
way/164959226,1,1.07,0.857,78.046,78.172,78.494,1.082,74.971,74.483,3.076,3.202,3.523,3.563,,,,yes,,,,201.6
way/164959227,1,0.932,1.0,87.299,88.072,88.257,2.617,82.263,82.052,5.036,5.809,5.994,5.248,,,,yes,,,,341.7
way/164959232,1,0.595,1.0,79.878,80.697,80.715,1.957,75.756,74.229,4.122,4.941,4.959,5.649,,,,yes,,,,624.6
way/164959235,1,0.906,1.0,81.703,81.897,81.897,0.373,79.009,78.486,2.694,2.888,2.888,3.217,,,,yes,,,,157.2
way/164959250,1,1.398,0.769,70.987,71.474,72.441,1.629,68.466,68.144,2.521,3.008,3.975,2.843,,,,yes,,,,185.6
way/164959252,1,1.119,1.0,87.669,88.1,89.466,4.288,82.06,81.983,5.609,6.041,7.407,5.686,,,,yes,,,,104.7
way/164959255,1,1.06,0.778,92.592,92.776,92.843,0.88,79.415,78.817,13.177,13.361,13.428,13.775,,,,yes,,,,336.9
way/164959256,1,1.025,0.917,90.205,90.205,90.271,0.333,78.747,78.46,11.458,11.458,11.524,11.744,,,,yes,,,,567.0
way/164959262,1,1.038,1.0,83.722,83.722,83.851,0.332,80.416,80.073,3.306,3.306,3.434,3.649,4.5,levels,-1.194,warehouse,1,,,381.1
way/164959263,1,1.315,0.812,79.686,81.81,82.265,3.534,76.837,75.815,2.848,4.973,5.427,3.87,,,,yes,,,,257.9
way/164959265,1,1.16,1.0,75.71,75.804,75.836,0.241,71.506,71.402,4.204,4.299,4.33,4.308,,,,yes,,,,266.2
way/164959271,1,1.06,1.0,80.498,80.626,81.157,3.116,75.016,74.418,5.481,5.61,6.141,6.08,4.5,levels,0.981,yes,1,,,277.9
way/164959273,3,1.187,1.0,83.917,84.386,84.877,0.992,73.801,73.438,10.116,10.585,11.077,10.478,,,,yes,,,,325.0
way/164959278,1,0.922,1.0,86.346,87.006,87.27,1.573,75.739,75.351,10.608,11.268,11.531,10.995,,,,yes,,,,222.7
way/164959281,1,1.016,0.7,85.253,85.878,86.51,2.035,82.705,81.747,2.548,3.172,3.805,3.506,,,,yes,,,,189.7
way/164959293,1,0.9,0.941,85.911,86.058,86.101,0.564,82.067,81.832,3.844,3.99,4.034,4.079,,,,yes,,,,413.3
way/164959297,1,1.346,0.75,81.661,81.943,82.446,1.448,77.105,76.689,4.556,4.838,5.341,4.972,,,,yes,,,,221.3
way/164959298,1,1.21,0.875,80.115,80.354,80.715,1.661,75.486,74.853,4.629,4.868,5.229,5.262,,,,yes,,,,257.3
way/168740153,1,1.073,0.7,79.209,79.245,79.562,1.461,76.533,75.601,2.675,2.711,3.028,3.607,,,,yes,,,,160.2
way/173205356,1,0.995,1.0,78.872,78.903,78.926,0.127,64.659,63.846,14.214,14.244,14.268,15.027,,,,yes,,,,727.7
way/173205367,2,0.96,1.0,76.37,76.565,76.568,0.329,62.475,61.951,13.895,14.09,14.093,14.419,,,,yes,,,,770.9
way/173205370,2,0.965,1.0,74.835,74.894,75.301,0.54,61.758,61.486,13.077,13.137,13.543,13.349,,,,yes,,,,483.1
way/173205374,2,0.839,1.0,77.48,77.509,77.698,0.217,63.02,62.421,14.461,14.489,14.678,15.059,13.5,levels,0.961,yes,4,,,891.2
way/173205375,1,0.975,1.0,77.349,77.711,77.72,0.371,63.949,63.257,13.4,13.762,13.771,14.092,,,,yes,,,,727.7
way/173205377,1,0.937,1.0,74.469,74.574,74.909,0.5,60.897,60.391,13.572,13.677,14.012,14.077,13.5,levels,0.072,yes,4,,,821.1
way/173205379,3,0.463,1.0,66.087,76.255,76.521,0.719,58.994,58.169,7.093,17.262,17.527,7.918,13.5,levels,-6.407,college,4,,,2060.9
way/173205381,1,0.968,1.0,69.041,69.203,69.203,0.259,56.598,56.147,12.443,12.605,12.605,12.894,19.5,levels,-7.057,apartments,6,,,473.7
way/173205382,1,1.11,1.0,74.13,74.348,74.412,0.453,60.718,60.483,13.411,13.63,13.693,13.647,,,,yes,,,,616.2
way/187711483,1,1.117,0.783,97.645,97.812,97.986,1.316,94.345,93.614,3.3,3.468,3.641,4.03,,,,yes,,,,269.2
way/187711488,1,1.116,0.714,94.546,94.657,95.014,0.813,92.5,92.29,2.046,2.156,2.513,2.256,,,,yes,,,,163.9
way/187711491,1,0.999,0.929,98.872,99.098,99.228,0.871,95.271,95.051,3.601,3.827,3.958,3.821,,,,yes,,,,253.4
way/187711492,1,0.947,1.0,99.429,99.768,99.984,1.468,92.1,91.927,7.329,7.668,7.884,7.502,,,,yes,,,,203.6
way/200178685,1,0.83,1.0,101.25,101.254,101.255,0.071,93.662,93.214,7.588,7.592,7.593,8.036,,,,yes,,,,314.2
way/202153016,2,0.921,1.0,80.856,81.396,81.56,1.36,76.993,76.281,3.863,4.402,4.567,4.576,,,,yes,,,,247.6
way/202153017,1,1.031,0.75,75.735,76.921,76.955,1.924,73.224,72.854,2.511,3.696,3.73,2.881,,,,yes,,,,59.3
way/202153019,1,1.185,1.0,75.293,76.028,76.028,1.473,70.098,69.265,5.195,5.93,5.93,6.028,,,,yes,,,,85.7
way/215105281,1,1.009,1.0,113.629,113.742,113.744,0.415,81.9,81.365,31.729,31.842,31.844,32.264,,,,yes,,,,439.6
way/231445476,1,0.662,1.0,95.254,95.62,99.674,4.837,90.665,90.429,4.589,4.955,9.009,4.825,,,,school,,,Liceu cu profil tehnologic pentru copii cu vederea slabă,723.9
way/243483398,1,0.852,0.778,100.421,100.519,100.564,0.696,93.701,92.875,6.72,6.819,6.863,7.545,,,,yes,,,,191.7
way/243483399,1,1.066,1.0,99.739,100.167,100.359,1.627,97.496,97.282,2.243,2.671,2.864,2.457,,,,yes,,,,62.1
way/243483405,1,1.126,0.714,100.949,101.657,103.363,2.821,97.148,96.889,3.801,4.509,6.215,4.06,,,,yes,,,,210.1
way/243483408,1,0.608,0.857,101.045,101.672,102.437,4.777,94.112,93.649,6.933,7.56,8.325,7.396,,,,yes,,,,182.3
way/243483409,2,1.269,0.789,98.684,99.89,100.548,4.616,91.604,91.352,7.08,8.285,8.944,7.332,,,,yes,,,,310.4
way/243483411,1,1.711,0.842,105.477,106.151,106.447,2.844,97.149,96.811,8.327,9.001,9.297,8.665,,,,yes,,,,392.1
way/243483417,1,0.88,0.875,97.429,98.303,98.629,1.717,94.983,94.341,2.446,3.32,3.645,3.088,,,,yes,,,,249.0
way/243483418,1,1.335,0.733,97.155,101.295,102.437,5.525,93.748,93.446,3.407,7.547,8.688,3.709,,,,yes,,,,85.0
way/243483419,1,0.979,1.0,97.842,99.678,99.883,3.774,93.014,92.37,4.828,6.665,6.869,5.472,,,,yes,,,,299.8
way/243483421,2,1.32,0.909,100.816,101.157,101.582,4.357,94.535,94.203,6.281,6.621,7.047,6.613,,,,yes,,,,206.5
way/243483433,1,1.08,0.833,95.074,95.214,95.459,1.427,91.637,91.35,3.436,3.577,3.822,3.724,,,,yes,,,,185.4
way/243483436,2,0.883,0.833,96.56,98.747,98.835,3.709,91.73,91.605,4.83,7.017,7.104,4.956,,,,yes,,,,346.5
way/243483437,3,0.532,1.0,96.551,97.195,98.512,2.245,93.816,93.607,2.734,3.378,4.696,2.944,,,,yes,,,,402.9
way/243483441,1,1.051,1.0,99.739,99.937,100.095,1.324,96.121,95.728,3.619,3.817,3.974,4.011,,,,yes,,,,224.2
way/249375910,2,0.844,1.0,96.788,96.832,96.98,2.928,88.153,87.887,8.635,8.679,8.827,8.9,,,,house,,,,476.9
way/249375913,1,1.085,1.0,107.191,107.299,107.299,0.149,88.695,88.534,18.495,18.604,18.604,18.657,,,,house,,,,278.8
way/249375914,1,0.955,1.0,92.594,96.579,102.791,10.631,87.875,87.31,4.719,8.705,14.916,5.284,,,,apartments,,,,750.6
way/249375916,1,0.597,1.0,96.117,98.318,98.318,2.383,87.105,86.927,9.012,11.213,11.213,9.19,,,,house,,,,396.3
way/249375917,1,1.018,1.0,93.482,93.872,94.137,0.889,87.328,87.223,6.154,6.544,6.809,6.259,,,,house,,,,256.9
way/249375918,2,1.032,0.75,91.483,92.614,92.673,0.642,88.215,87.767,3.268,4.4,4.458,3.716,,,,office,,,,588.5
way/249599384,1,1.208,0.75,91.702,91.902,92.045,1.415,87.797,87.624,3.905,4.105,4.248,4.077,,,,house,,,,132.5
way/249599385,1,1.08,1.0,90.354,90.703,90.875,0.845,87.707,87.4,2.647,2.996,3.169,2.953,,,,house,,,,159.7
way/249599387,1,0.685,0.75,93.671,94.122,95.347,1.85,88.837,88.365,4.834,5.284,6.51,5.306,,,,house,,,,421.1
way/249599388,2,0.935,0.737,92.115,92.522,94.058,2.531,89.11,88.773,3.005,3.412,4.947,3.342,,,,house,,,,224.7
way/250720578,1,0.781,1.0,109.848,113.919,114.085,7.638,91.055,90.67,18.793,22.864,23.03,19.178,28.5,levels,-9.707,apartments,9,,,386.5
way/250720580,1,0.753,0.778,98.104,98.383,98.536,1.541,95.204,94.24,2.9,3.179,3.332,3.864,,,,house,,,,355.4
way/250720586,2,0.852,0.714,99.731,100.162,101.293,1.689,97.893,97.294,1.838,2.269,3.4,2.437,,,,yes,,,,378.7
way/25187121,1,0.019,1.0,94.997,95.025,95.056,0.901,86.49,85.119,8.507,8.535,8.566,9.878,7.5,levels,1.007,yes,2,,Primăria Municipiului Chișinău,2678.3
way/25192896,1,0.998,1.0,95.609,98.614,98.954,4.366,85.921,85.742,9.688,12.693,13.033,9.867,,,,yes,,,Sala cu Orgă,1510.8
way/25194183,1,0.954,1.0,100.771,100.87,103.909,5.909,85.982,85.301,14.789,14.888,17.927,15.47,,,,yes,,,Teatrul Național „Mihai Eminescu”,2047.6
way/25194609,1,1.003,1.0,103.932,103.986,104.118,0.634,86.653,86.537,17.28,17.334,17.466,17.395,,,,yes,,,,1209.6
way/25194611,1,1.057,1.0,95.499,95.614,95.819,3.203,86.188,86.195,9.311,9.427,9.631,9.305,,,,yes,,,,856.4
way/254894958,1,0.56,1.0,107.785,108.059,108.721,0.981,105.139,104.749,2.645,2.919,3.581,3.035,,,,house,,,,84.1
way/254894963,1,0.901,0.8,108.145,108.439,108.439,1.76,104.581,104.181,3.564,3.857,3.857,3.964,,,,house,,,,185.8
way/254894969,1,0.397,1.0,104.426,104.782,106.06,1.812,101.162,101.023,3.263,3.62,4.897,3.402,,,,house,,,,93.9
way/254894972,1,0.465,1.0,103.477,105.283,105.333,2.272,100.299,99.94,3.178,4.984,5.034,3.537,,,,house,,,,245.6
way/254894973,1,0.068,1.0,103.671,104.071,104.089,0.699,101.553,101.463,2.118,2.519,2.536,2.208,,,,house,,,,196.5
way/254894977,1,1.131,0.722,102.12,102.565,103.371,1.592,99.458,99.203,2.662,3.107,3.913,2.917,,,,house,,,,315.2
way/254894983,1,0.916,1.0,104.619,105.131,105.335,3.059,96.995,96.892,7.625,8.137,8.34,7.727,,,,house,,,,237.5
way/254894986,1,0.419,0.846,101.561,101.806,101.877,2.441,97.248,97.136,4.313,4.558,4.63,4.425,,,,house,,,,727.5
way/254894988,1,1.787,0.7,97.791,98.055,98.064,0.584,91.046,90.646,6.745,7.009,7.018,7.146,,,,house,,,,126.6
way/254894989,1,0.37,1.0,94.713,95.276,96.799,3.108,91.019,90.824,3.694,4.258,5.781,3.889,,,,house,,,,329.9
way/254894991,1,0.67,0.846,95.063,95.155,97.181,3.653,89.916,89.507,5.147,5.239,7.265,5.556,,,,house,,,,196.9
way/254894993,2,0.896,0.8,96.523,97.151,98.4,5.027,90.641,90.052,5.882,6.51,7.759,6.471,,,,house,,,,537.8
way/254894996,1,0.768,1.0,91.637,91.653,91.657,0.131,89.273,89.063,2.364,2.379,2.384,2.575,,,,house,,,,113.6
way/254894999,1,0.536,1.0,95.083,95.706,97.426,3.642,90.755,90.049,4.328,4.95,6.67,5.034,,,,house,,,,679.0
way/254895001,1,0.567,1.0,94.926,95.11,95.238,0.49,88.773,88.338,6.152,6.337,6.465,6.588,,,,house,,,,268.7
way/254895002,1,0.716,0.9,93.303,94.182,95.29,4.241,88.311,87.712,4.992,5.871,6.979,5.591,,,,house,,,,450.6
way/254895004,1,0.869,1.0,92.083,92.126,92.132,0.152,87.255,86.855,4.828,4.872,4.878,5.228,,,,house,,,,111.0
way/255619734,1,0.857,0.75,89.478,89.557,89.563,0.591,85.542,85.435,3.936,4.015,4.021,4.043,,,,house,,,,181.4
way/255619738,1,0.541,0.833,92.808,94.366,94.488,5.858,86.05,85.392,6.757,8.316,8.437,7.416,,,,house,,,,236.0
way/255619751,1,0.865,1.0,89.423,89.856,89.877,1.203,85.415,85.063,4.008,4.44,4.462,4.36,,,,house,,,,163.5
way/255619755,1,0.876,1.0,87.99,88.775,90.889,3.098,84.602,84.357,3.389,4.173,6.288,3.633,,,,house,,,,316.0
way/256013509,2,0.86,1.0,101.105,101.593,102.476,1.948,96.38,95.703,4.724,5.213,6.096,5.402,,,,house,,,,651.2
way/25764333,1,0.962,1.0,91.261,93.326,93.705,2.998,81.465,82.18,9.796,11.861,12.24,9.081,10.0,height,-0.204,cathedral,,10,Catedrala Mitropolitană „Nașterea Domnului”,1126.6
way/260189387,1,0.716,0.833,69.89,69.89,69.89,0.0,65.977,65.558,3.912,3.912,3.912,4.332,4.5,levels,-0.588,yes,1,,,206.1
way/26426035,10,0.996,1.0,109.523,112.726,115.907,1.363,87.349,86.715,22.174,25.377,28.558,22.808,,,,yes,,,Asociația Medicală Teritorială (AMT) Centru,2932.0
way/26790041,1,0.995,1.0,106.385,106.459,106.967,0.869,88.324,88.969,18.062,18.136,18.643,17.416,,,,government,,,Biblioteca Națională a Republicii Moldova (Blocul Central),2121.9
way/27446424,1,1.035,1.0,95.93,95.97,96.134,1.526,88.565,88.183,7.365,7.405,7.569,7.746,,,,yes,,,Conacul urban al familiei Donici,968.1
way/27461134,2,0.993,1.0,97.81,97.981,98.481,8.788,85.753,85.746,12.057,12.227,12.728,12.065,,,,commercial,,,,1570.8
way/27486198,2,1.091,0.857,128.927,128.96,129.289,34.04,83.593,83.528,45.333,45.367,45.695,45.399,31.5,levels,13.833,office,10,,SkyTower Business Center,1197.7
way/27616508,1,0.976,1.0,136.892,137.605,138.318,7.265,88.495,86.828,48.398,49.11,49.823,50.065,30.0,height,18.398,yes,5,30,Președinția Republicii Moldova,1395.5
way/27616541,3,1.028,0.8,97.221,97.887,98.921,1.807,82.286,81.349,14.935,15.601,16.635,15.872,,,,school,,,,1266.6
way/27617666,1,1.045,1.0,87.048,88.317,90.465,4.297,72.689,70.575,14.358,15.628,17.776,16.473,16.5,levels,-2.142,government,5,,,1884.8
way/29247601,1,0.996,0.955,94.092,94.398,94.639,0.618,86.068,86.085,8.024,8.33,8.571,8.008,,,,yes,,,,1268.0
way/299686069,2,0.834,0.875,92.451,93.084,93.233,2.314,84.5,83.796,7.951,8.585,8.733,8.655,,,,house,,,,754.5
way/32445208,1,0.886,1.0,92.626,92.626,92.626,0.0,62.056,61.766,30.569,30.569,30.569,30.86,25.5,levels,5.069,university,8,,Blocul F,1320.2
way/32820727,1,0.922,1.0,114.993,115.028,118.138,3.328,83.497,83.047,31.495,31.531,34.641,31.945,,,,yes,,,Nobil Luxury Boutique Hotel,378.1
way/32843009,2,0.993,1.0,91.338,98.479,98.788,3.447,84.782,83.468,6.556,13.697,14.006,7.87,,,,yes,,,,1180.9
way/32977885,3,0.953,0.96,93.994,96.237,96.529,4.707,79.463,75.322,14.531,16.774,17.066,18.672,15.0,height,-0.469,yes,5,15,Sun City,3010.5
way/329932142,1,0.531,1.0,113.285,113.822,113.968,0.781,109.891,108.751,3.394,3.931,4.078,4.534,,,,yes,,,,270.8
way/329932148,1,1.196,0.889,111.078,111.223,112.045,0.967,109.03,108.549,2.047,2.192,3.014,2.528,,,,yes,,,,183.9
way/329932152,1,1.226,0.714,113.118,113.313,114.19,1.656,109.481,109.121,3.637,3.832,4.708,3.997,,,,yes,,,,208.0
way/329932163,1,1.003,1.0,112.246,113.128,113.128,0.98,107.788,107.655,4.458,5.34,5.34,4.591,,,,yes,,,,152.5
way/329932164,1,0.981,1.0,112.717,113.451,115.066,2.349,110.653,109.823,2.064,2.798,4.413,2.894,,,,yes,,,,183.1
way/329932172,1,0.974,1.0,113.461,114.028,114.14,0.777,109.232,108.933,4.229,4.796,4.908,4.528,,,,yes,,,,142.4
way/329932193,1,0.437,1.0,113.267,115.292,115.402,2.524,110.988,109.983,2.279,4.304,4.415,3.284,,,,yes,,,,156.8
way/329932195,1,2.175,0.8,115.164,115.164,115.164,0.097,111.24,111.153,3.923,3.923,3.923,4.01,,,,yes,,,,63.0
way/329932201,1,0.187,0.75,111.754,111.754,111.754,0.0,109.843,109.365,1.911,1.911,1.911,2.389,,,,yes,,,,141.5
way/329932212,1,1.172,0.769,115.925,116.041,116.041,2.436,110.887,110.751,5.038,5.154,5.154,5.174,,,,yes,,,,135.8
way/329932220,1,0.889,0.875,112.333,114.285,114.969,2.83,110.257,109.473,2.076,4.028,4.712,2.86,,,,yes,,,,274.7
way/329932228,1,1.465,0.714,116.677,116.928,118.753,3.906,110.487,109.736,6.19,6.44,8.266,6.942,,,,yes,,,,151.2
way/339790904,1,0.509,0.821,101.135,101.537,103.638,3.565,98.101,97.852,3.034,3.436,5.537,3.284,,,,yes,,,,698.3
way/345097158,1,0.877,0.875,79.203,79.203,79.203,0.0,75.543,74.952,3.66,3.66,3.66,4.251,4.5,levels,-0.84,retail,1,,,298.0
way/351850773,1,0.417,1.0,92.338,92.737,92.959,0.987,87.29,86.955,5.048,5.447,5.669,5.383,,,,yes,,,,700.7
way/367145343,1,0.991,1.0,93.205,93.828,94.089,1.17,90.005,89.631,3.2,3.823,4.084,3.573,,,,yes,,,,386.6
way/367323416,1,1.311,0.773,98.024,98.117,103.219,5.917,94.366,94.211,3.658,3.752,8.853,3.813,4.5,levels,-0.842,yes,1,,,266.5
way/367638719,1,0.865,1.0,100.594,103.001,104.747,5.54,97.178,96.661,3.416,5.823,7.569,3.933,4.5,levels,-1.084,yes,1,,,529.0
way/367638721,1,0.922,1.0,100.814,100.869,100.939,0.193,96.584,96.281,4.23,4.285,4.354,4.533,,,,yes,,,,218.3
way/368314266,1,0.852,1.0,106.395,106.408,110.897,5.528,97.151,96.797,9.244,9.257,13.747,9.598,4.5,levels,4.744,yes,1,,,181.6
way/368473018,1,0.966,0.917,98.377,99.361,100.68,3.089,93.84,93.515,4.537,5.52,6.84,4.862,,,,yes,,,,243.2
way/368473019,2,0.996,0.75,96.832,98.753,99.653,2.915,93.396,93.039,3.436,5.356,6.257,3.793,,,,yes,,,,203.9
way/368473020,1,0.972,0.786,95.918,96.988,97.981,3.514,92.513,91.509,3.406,4.476,5.469,4.41,,,,yes,,,,370.9
way/368473024,1,0.76,1.0,95.231,95.281,95.283,0.224,91.635,91.486,3.596,3.645,3.648,3.745,,,,yes,,,,112.3
way/368572169,1,0.665,1.0,101.083,101.301,102.088,4.64,95.898,95.321,5.185,5.404,6.19,5.761,,,,yes,,,,252.1
way/368572171,1,2.017,0.727,102.562,103.075,105.025,3.783,98.724,98.173,3.838,4.351,6.301,4.389,,,,yes,,,Blocul Administrativ al Biroului de Curieri Speciali,172.7
way/368572172,1,1.772,0.789,102.757,102.946,103.028,3.16,98.051,97.246,4.707,4.895,4.978,5.511,,,,yes,,,,211.7
way/368572173,1,0.931,1.0,105.833,105.871,105.988,0.634,99.059,98.543,6.774,6.813,6.929,7.29,,,,yes,,,,428.6
way/368572180,1,1.038,0.833,114.154,114.218,114.282,6.39,99.561,99.609,14.593,14.657,14.721,14.545,,,,yes,,,,356.1
way/368572181,1,0.057,1.0,100.604,100.691,100.771,0.251,99.099,98.623,1.505,1.592,1.672,1.981,,,,yes,,,,198.4
way/368572182,1,1.373,0.724,99.196,99.736,101.978,4.275,95.832,95.286,3.364,3.904,6.146,3.91,,,,yes,,,,353.3
way/368572190,1,0.465,1.0,105.494,105.548,105.595,0.306,98.089,97.809,7.405,7.459,7.506,7.685,4.5,levels,2.905,yes,1,,,384.0
way/368572193,1,1.148,0.857,108.22,108.727,109.875,5.163,99.352,99.02,8.868,9.375,10.523,9.2,,,,yes,,,,224.5
way/37732581,3,0.791,0.787,116.533,119.742,121.202,27.317,88.34,88.623,28.194,31.402,32.863,27.911,30.0,height,-1.806,yes,9,30 m,,2197.3
way/37917636,1,0.967,1.0,70.048,70.571,70.681,0.807,51.907,51.615,18.141,18.663,18.774,18.433,16.5,levels,1.641,yes,5,,Agenția Servicii Publice,1045.9
way/38032401,1,1.044,0.9,91.587,91.744,91.83,1.517,87.15,86.96,4.437,4.594,4.68,4.627,,,,yes,,,,446.1
way/38190154,1,1.006,0.923,84.561,84.842,86.557,2.94,70.363,69.397,14.198,14.479,16.194,15.164,,,,yes,,,,197.5
way/38279943,1,1.122,0.714,84.698,85.083,85.231,0.857,68.179,67.324,16.52,16.904,17.052,17.374,13.5,levels,3.02,yes,4,,,631.3
way/39346779,1,0.933,0.838,98.797,98.797,98.991,0.582,72.826,70.979,25.972,25.972,26.166,27.818,28.5,levels,-2.528,apartments,9,,,1021.4
way/39889215,1,1.043,1.0,102.573,102.966,107.683,12.795,87.785,87.646,14.788,15.181,19.898,14.927,,,,yes,,,Ministerul Afacerilor Externe și Integrării Europene,1725.6
way/408249667,1,0.763,0.867,90.882,90.913,91.329,0.705,88.026,87.986,2.856,2.887,3.304,2.896,,,,yes,,,,394.9
way/408251009,1,0.724,0.7,89.962,90.403,92.936,3.302,85.997,85.927,3.966,4.406,6.939,4.035,,,,yes,,,,395.2
way/408254358,2,1.304,0.714,96.87,98.536,100.393,3.523,93.528,93.352,3.342,5.008,6.865,3.519,,,,yes,,,,169.9
way/410003892,1,0.966,1.0,93.615,93.751,93.896,1.311,88.336,88.184,5.279,5.416,5.56,5.431,4.5,levels,0.779,residential,1,,,502.2
way/41434938,1,1.094,1.0,104.13,104.272,104.379,6.269,89.798,89.482,14.332,14.473,14.581,14.648,,,,school,,,,1224.8
way/42214742,1,0.866,0.846,65.268,65.804,66.169,2.609,60.565,60.084,4.702,5.238,5.604,5.184,,,,yes,,,,310.7
way/424737231,1,0.099,1.0,110.883,110.883,110.883,0.098,103.61,103.153,7.272,7.272,7.272,7.73,,,,yes,,,,173.5
way/424777439,1,0.197,1.0,108.439,108.83,108.83,2.053,104.442,103.978,3.997,4.388,4.388,4.46,4.5,levels,-0.503,yes,1,,,481.0
way/424807636,2,0.331,0.889,87.075,87.133,87.548,0.66,76.081,75.772,10.994,11.052,11.468,11.302,,,,yes,,,,661.3
way/424807637,1,0.101,1.0,79.225,79.377,79.377,0.441,74.656,73.623,4.569,4.722,4.722,5.602,,,,yes,,,,651.9
way/431518330,3,1.012,0.905,78.542,79.817,81.096,3.236,74.217,74.134,4.325,5.601,6.879,4.408,,,,yes,,,,362.9
way/431518332,1,0.855,0.889,79.079,79.259,79.364,0.517,75.136,74.959,3.943,4.123,4.227,4.12,,,,yes,,,,282.4
way/431645688,1,0.744,1.0,78.219,78.407,78.906,0.856,75.35,74.967,2.869,3.056,3.555,3.252,,,,yes,,,,296.5
way/431645692,1,0.546,1.0,80.561,80.778,81.169,1.751,77.192,76.975,3.369,3.586,3.976,3.586,,,,yes,,,,321.6
way/431649175,1,0.836,1.0,79.149,79.443,80.953,2.654,75.838,75.598,3.311,3.605,5.115,3.55,,,,retail,,,,369.1
way/431649176,1,1.124,1.0,83.123,83.17,83.179,0.065,77.528,77.148,5.595,5.642,5.651,5.975,,,,yes,,,,170.0
way/43319983,1,0.316,1.0,105.293,105.599,105.879,1.107,92.813,92.257,12.48,12.786,13.066,13.036,,,,yes,,,,987.7
way/435423399,1,0.974,1.0,117.102,117.225,120.538,3.901,85.326,84.908,31.777,31.899,35.213,32.194,28.5,levels,3.277,construction,9,,,1665.1
way/435426283,1,0.161,1.0,88.013,88.325,88.673,0.882,85.581,85.48,2.431,2.744,3.092,2.532,,,,yes,,,,341.2
way/435426287,1,1.187,0.771,89.094,89.375,92.589,4.825,85.807,85.459,3.287,3.569,6.782,3.636,,,,yes,,,,675.9
way/435426288,1,1.001,0.958,92.241,92.358,93.059,2.823,85.351,85.223,6.89,7.007,7.708,7.017,,,,yes,,,,235.1
way/435426291,1,1.198,0.76,89.161,89.605,90.169,2.041,85.986,85.809,3.175,3.619,4.182,3.352,,,,yes,,,,306.7
way/435426954,1,0.12,1.0,80.163,80.163,80.163,0.0,77.738,77.259,2.425,2.425,2.425,2.904,,,,yes,,,,257.3
way/435426956,2,0.765,1.0,83.297,84.604,84.961,2.601,77.247,76.614,6.05,7.357,7.714,6.683,,,,yes,,,,387.3
way/435426962,2,0.472,0.7,81.323,82.911,83.958,2.872,76.506,75.304,4.817,6.405,7.453,6.019,,,,yes,,,,459.6
way/435426967,1,0.964,1.0,88.863,88.958,89.062,0.339,81.462,80.425,7.401,7.496,7.6,8.438,,,,yes,,,,364.6
way/437142621,1,0.918,1.0,94.732,94.769,95.092,0.39,86.959,86.872,7.773,7.81,8.133,7.859,10.5,levels,-2.727,yes,3,,,179.0
way/437142622,1,0.865,0.902,89.662,89.913,93.455,4.539,87.599,86.907,2.063,2.314,5.856,2.754,,,,yes,,,,793.4
way/437142623,1,0.725,0.882,89.939,90.122,91.416,1.933,87.519,87.302,2.421,2.603,3.897,2.637,,,,yes,,,,288.2
way/437674878,1,0.916,1.0,95.292,97.558,98.337,4.22,88.306,88.376,6.986,9.252,10.03,6.917,,,,yes,,,,375.1
way/437674879,3,1.006,0.833,96.674,97.85,98.093,4.865,91.595,91.153,5.079,6.255,6.498,5.521,,,,yes,,,,356.5
way/437674880,1,1.223,0.846,102.309,102.441,104.263,2.018,86.814,86.805,15.496,15.627,17.45,15.504,,,,yes,,,,178.8
way/437674881,1,1.168,1.0,106.341,107.656,107.763,16.406,86.698,86.75,19.643,20.958,21.065,19.591,,,,yes,,,,280.9
way/45486039,1,0.978,1.0,80.128,80.24,80.274,0.398,66.416,64.532,13.713,13.824,13.858,15.596,16.5,levels,-2.787,yes,5,,,398.3
way/45513792,1,0.94,1.0,100.426,101.01,101.595,1.333,80.759,79.303,19.667,20.252,20.836,21.122,,,,yes,,,,939.8
way/45513802,1,1.06,0.756,96.399,96.721,100.848,5.043,83.307,83.003,13.092,13.414,17.541,13.397,10.5,levels,2.592,commercial,3,,,3747.0
way/45513804,1,1.096,0.917,102.912,103.23,104.142,2.466,85.497,85.372,17.415,17.732,18.645,17.54,,,,yes,,,w,1134.9
way/45513805,1,1.05,1.0,100.094,100.735,100.735,0.7,84.578,83.844,15.515,16.157,16.157,16.249,,,,yes,,,,906.7
way/46267243,1,1.099,1.0,100.021,100.042,100.148,0.199,89.269,88.93,10.753,10.773,10.879,11.092,7.5,levels,3.253,yes,2,,Ambasada României,453.9
way/46267244,1,1.0,1.0,105.351,105.523,105.594,0.243,91.366,90.163,13.985,14.157,14.228,15.189,16.5,levels,-2.515,apartments,5,,,687.8
way/46267245,2,1.06,0.913,121.169,121.298,122.729,21.644,90.205,89.875,30.964,31.093,32.524,31.294,,,,yes,,,,1131.4
way/46267255,1,1.065,1.0,94.884,95.103,95.626,1.709,88.35,87.887,6.533,6.753,7.276,6.997,,,,yes,,,,139.4
way/46331596,2,0.095,0.75,89.55,91.84,96.608,14.378,81.321,80.155,8.229,10.52,15.288,9.395,,,,yes,,,,2594.3
way/46331597,1,1.015,1.0,87.031,87.031,87.031,0.195,76.609,75.888,10.422,10.422,10.422,11.143,,,,yes,,,Jazz Hotel,483.6
way/46331598,1,0.936,0.75,90.19,90.288,90.288,0.39,79.03,79.051,11.16,11.258,11.258,11.139,,,,yes,,,,782.2
way/46331599,2,0.959,0.714,85.177,85.177,86.583,1.799,78.645,77.357,6.532,6.532,7.938,7.819,,,,apartments,,,,629.3
way/46331600,1,1.026,1.0,90.857,90.945,91.052,0.39,76.024,75.699,14.833,14.922,15.029,15.158,,,,yes,,,,379.6
way/46331616,2,0.109,1.0,90.789,90.856,106.278,15.49,87.488,87.351,3.301,3.368,18.79,3.438,19.5,levels,-16.199,retail,6,,Casa Presei,2467.5
way/46331617,3,0.973,1.0,103.261,117.109,119.538,5.465,87.615,87.291,15.646,29.494,31.923,15.97,,,,yes,,,,4860.3
way/46331618,2,0.993,0.75,94.008,103.801,106.853,10.535,87.63,87.212,6.378,16.172,19.223,6.796,,,,yes,,,,1370.5
way/463545216,3,0.76,1.0,95.694,96.604,100.692,5.293,93.39,92.271,2.304,3.214,7.301,3.423,,,,yes,,,,390.9
way/463545217,1,0.78,1.0,98.952,98.988,99.199,0.345,93.433,93.052,5.52,5.555,5.766,5.9,,,,yes,,,,143.1
way/463545218,1,0.992,0.75,97.853,98.191,98.201,4.513,91.614,91.313,6.239,6.577,6.587,6.54,,,,yes,,,,186.3
way/463545219,3,0.505,0.833,97.63,100.354,101.058,3.596,94.368,93.812,3.262,5.986,6.69,3.818,,,,yes,,,,602.5
way/46611634,1,1.014,1.0,95.954,96.21,96.381,1.082,85.944,85.264,10.01,10.267,10.438,10.69,,,,yes,,,,588.2
way/46611635,1,0.97,1.0,99.2,99.437,99.457,0.764,85.45,85.177,13.75,13.987,14.007,14.023,,,,yes,,,,231.2
way/46872895,1,1.001,1.0,100.971,101.538,101.726,1.172,87.762,88.291,13.209,13.776,13.964,12.68,,,,yes,,,Centrul de Cultură și Artă „Ginta Latină”,2252.9
way/48197688,1,0.759,1.0,87.459,87.539,87.566,0.243,77.374,77.326,10.085,10.165,10.191,10.132,,,,yes,,,,1275.1
way/48197690,1,1.185,1.0,85.53,85.53,85.786,0.683,78.685,78.405,6.844,6.844,7.101,7.125,10.5,levels,-3.656,commercial,3,,,307.9
way/48197700,1,1.062,1.0,87.093,87.183,87.213,0.122,78.763,78.15,8.331,8.421,8.45,8.943,,,,yes,,,,436.3
way/49069465,1,1.02,1.0,106.145,106.197,107.157,1.238,88.865,88.175,17.28,17.332,18.292,17.97,,,,apartments,,,,1215.7
way/49069467,1,1.052,0.945,100.026,100.107,100.469,5.441,89.469,89.47,10.557,10.638,11.0,10.556,,,,yes,,,Reședința de Stat,949.0
way/49069478,1,1.057,1.0,98.195,98.211,98.269,0.151,88.723,88.54,9.472,9.488,9.547,9.655,10.5,levels,-1.028,yes,3,,,538.2
way/49069480,1,1.051,1.0,102.751,102.861,102.936,0.301,88.451,88.341,14.3,14.41,14.485,14.41,,,,yes,,,,1033.5
way/49224162,1,0.94,1.0,62.822,63.122,64.182,2.296,55.038,53.528,7.784,8.084,9.144,9.294,10.5,levels,-2.716,terrace,3,,,1433.1
way/49224164,1,1.008,0.912,62.85,63.999,65.953,3.888,54.004,53.845,8.846,9.995,11.948,9.005,7.5,levels,1.346,yes,2,,,629.4
way/49224178,1,1.264,0.783,64.508,64.656,65.375,1.496,55.185,54.735,9.323,9.471,10.19,9.774,7.5,levels,1.823,hospital,2,,,1650.3
way/50147999,1,0.636,1.0,123.451,123.739,127.683,7.601,79.463,79.221,43.987,44.275,48.22,44.23,15.0,height,28.987,commercial,,15,,1445.7
way/50148000,1,1.012,0.944,90.317,90.496,90.858,2.928,77.498,77.057,12.819,12.997,13.359,13.26,,,,yes,,,,1765.3
way/50148001,1,1.046,1.0,83.902,83.994,84.19,1.177,76.108,74.428,7.793,7.886,8.082,9.473,9.0,levels,-1.207,hotel,2,,Richmond Hotel,854.1
way/506914305,1,1.006,0.857,86.354,86.354,86.354,0.391,73.886,73.865,12.469,12.469,12.469,12.49,,,,yes,,,,100.0
way/50730171,1,1.135,1.0,90.893,90.893,91.089,0.391,74.693,74.089,16.2,16.2,16.396,16.804,,,,yes,,,,699.5
way/51070373,1,1.215,0.833,81.346,81.353,81.64,1.371,74.183,74.22,7.164,7.17,7.458,7.126,,,,school,,,,466.4
way/51458141,1,1.058,1.0,100.756,100.791,100.791,0.134,96.978,96.702,3.777,3.813,3.813,4.054,,,,yes,,,,44.5
way/51458143,1,0.926,0.909,99.502,99.614,101.421,2.81,96.416,95.977,3.087,3.199,5.005,3.525,,,,yes,,,Casa Memorială A. V. Șciusev,206.8
way/51458144,1,0.905,1.0,101.119,101.341,101.895,2.045,96.351,95.489,4.768,4.99,5.544,5.629,,,,yes,,,Biblioteca Națională pentru Copii „Ion Creangă”,1027.4
way/51458145,2,0.895,1.0,111.277,113.695,114.476,10.639,95.004,94.124,16.273,18.691,19.471,17.153,16.5,levels,-0.227,apartments,5,,,1350.2
way/51532228,1,1.227,0.71,74.355,74.526,74.569,1.134,54.792,53.707,19.563,19.735,19.777,20.647,19.5,levels,0.063,apartments,6,,,737.0
way/51680099,1,1.018,1.0,103.465,103.931,104.21,2.287,69.035,65.864,34.429,34.895,35.175,37.601,,,,yes,,,,1124.3
way/51680101,1,0.98,1.0,80.245,80.379,80.441,0.392,69.028,68.455,11.218,11.351,11.414,11.791,9.0,levels,2.218,office,2,,,475.4
way/51680103,1,0.786,1.0,69.631,70.06,70.215,0.974,65.442,64.606,4.189,4.618,4.773,5.025,,,,yes,,,,358.6
way/51680693,1,1.139,1.0,77.694,77.845,78.24,0.722,60.812,60.706,16.881,17.032,17.428,16.988,16.5,levels,0.381,yes,5,,,620.6
way/51769216,1,1.121,0.8,76.259,76.303,76.424,0.295,61.154,60.912,15.105,15.15,15.271,15.347,16.5,levels,-1.395,yes,5,,,1090.2
way/51769217,1,1.073,1.0,85.691,85.776,85.983,0.39,69.364,68.419,16.327,16.412,16.619,17.272,,,,yes,,,,424.0
way/51769218,1,1.042,1.0,92.753,93.158,93.269,1.067,74.538,72.657,18.215,18.621,18.732,20.096,19.5,levels,-1.285,yes,6,,,1270.2
way/51769219,1,0.724,1.0,127.761,128.221,132.366,8.347,74.348,72.709,53.413,53.873,58.018,55.052,37.5,levels,15.913,apartments,12,,Crown Plaza Park,982.3
way/51769220,1,0.942,1.0,109.734,111.431,111.871,2.137,79.517,79.46,30.217,31.914,32.354,30.274,30.0,height,0.217,apartments,9,30 m,,1339.4
way/51769221,1,1.382,0.722,85.909,86.355,86.575,1.432,79.254,78.841,6.655,7.101,7.321,7.068,7.5,levels,-0.845,yes,2,,,677.4
way/51769222,1,0.99,1.0,108.27,108.35,109.456,4.032,79.707,79.463,28.563,28.643,29.749,28.807,28.5,levels,0.063,yes,9,,,664.2
way/51769224,2,1.003,1.0,74.289,77.471,78.181,4.105,61.641,61.472,12.648,15.83,16.54,12.817,16.5,levels,-3.852,yes,5,,,1034.4
way/51769225,2,0.998,1.0,81.246,82.335,83.398,3.423,73.197,71.051,8.049,9.139,10.201,10.195,,,,yes,,,,2514.6
way/51769226,1,1.002,1.0,74.797,75.025,75.206,2.635,69.655,69.137,5.143,5.37,5.552,5.66,,,,yes,,,,378.4
way/51769228,1,0.994,1.0,86.877,86.904,87.227,0.515,75.503,75.437,11.374,11.4,11.724,11.44,10.5,levels,0.874,yes,3,,,303.0
way/51769230,1,1.038,1.0,82.459,82.513,82.631,0.372,75.065,74.739,7.393,7.448,7.566,7.72,4.5,levels,2.893,yes,1,,,406.6
way/51769231,1,0.957,1.0,76.194,76.877,77.058,1.569,72.966,72.147,3.227,3.911,4.092,4.047,,,,yes,,,,344.7
way/51769232,1,1.034,1.0,86.448,86.658,87.393,1.943,73.802,73.011,12.646,12.856,13.591,13.438,,,,yes,,,,212.8
way/51769233,1,1.156,1.0,80.442,80.819,80.836,0.871,69.318,68.513,11.124,11.501,11.518,11.929,4.0,height,7.124,yes,,4,,408.2
way/51769234,3,1.045,1.0,65.301,73.049,73.242,0.809,60.669,60.273,4.632,12.38,12.572,5.029,16.5,levels,-11.868,yes,5,,,841.3
way/51769237,1,1.063,1.0,72.806,72.934,73.019,0.461,59.622,59.158,13.184,13.312,13.397,13.648,16.5,levels,-3.316,yes,5,,,915.6
way/51770412,2,0.963,0.833,75.797,76.177,77.05,2.466,60.327,60.05,15.47,15.85,16.723,15.746,16.5,levels,-1.03,yes,5,,,1512.1
way/51770414,1,1.034,1.0,96.512,96.512,98.262,2.92,68.466,66.002,28.046,28.046,29.797,30.51,28.5,levels,-0.454,residential,9,,,1457.2
way/51770415,1,0.999,1.0,101.76,101.959,101.959,0.394,69.821,69.545,31.94,32.139,32.139,32.215,31.5,levels,0.44,residential,10,,,877.2
way/51770417,1,0.954,1.0,77.286,77.3,77.3,0.175,60.376,60.196,16.91,16.923,16.923,17.09,,,,yes,,,,900.6
way/51770419,1,0.931,1.0,79.012,79.444,83.012,11.084,66.849,64.513,12.163,12.595,16.163,14.499,,,,yes,,,Clădirea Fostei Sinagogi „Lemnăria“,1105.4
way/51770420,1,0.855,1.0,70.48,70.48,70.48,0.196,65.883,65.378,4.597,4.597,4.597,5.102,4.5,levels,0.097,commercial,1,,,528.6
way/51770421,1,0.779,1.0,99.819,99.819,99.819,0.0,69.483,69.671,30.336,30.336,30.336,30.148,28.5,levels,1.836,residential,9,,,1195.9
way/51812371,1,0.975,1.0,93.232,93.381,93.456,0.312,82.365,81.841,10.866,11.016,11.091,11.39,10.5,levels,0.366,yes,3,,,808.1
way/52333828,1,0.154,1.0,93.816,94.547,94.767,1.661,87.975,87.909,5.841,6.573,6.793,5.907,10.5,levels,-4.659,yes,3,,,1818.4
way/52333831,1,1.001,1.0,97.553,98.789,100.098,4.856,86.409,86.38,11.143,12.38,13.689,11.172,,,,yes,,,Casa Armatei Naționale,2591.8
way/52333833,1,1.063,1.0,100.992,101.03,101.033,0.155,87.907,87.6,13.085,13.123,13.126,13.392,,,,yes,,,,547.2
way/52333834,1,0.859,1.0,108.235,110.623,110.668,2.721,88.911,88.554,19.324,21.712,21.757,19.681,,,,yes,,,,646.7
way/525314509,1,0.934,1.0,88.91,89.181,89.4,0.615,72.821,72.581,16.089,16.36,16.579,16.328,10.5,levels,5.589,yes,3,,,389.5
way/530788611,1,0.806,1.0,110.947,111.53,111.536,1.67,102.446,102.182,8.501,9.083,9.09,8.765,,,,yes,,,,137.1
way/549387560,1,0.866,0.75,104.003,104.175,104.175,0.24,81.104,81.055,22.899,23.071,23.071,22.948,20.0,height,2.899,yes,,20 m,Clopotnița,148.8
way/551850996,1,0.987,0.929,114.869,114.874,115.064,3.695,105.987,105.499,8.882,8.888,9.077,9.37,,,,yes,,,Consiliul Superior al Magistraturii,295.4
way/55617159,1,0.905,0.818,69.117,69.299,69.449,0.656,53.984,53.859,15.134,15.315,15.465,15.258,,,,yes,,,,650.8
way/55617162,1,1.102,1.0,59.539,59.601,59.628,0.481,54.793,54.724,4.746,4.808,4.835,4.816,,,,yes,,,,110.6
way/562068917,3,1.021,1.0,101.202,101.812,104.38,3.281,99.025,97.458,2.177,2.787,5.355,3.745,,,,yes,,,,528.7
way/562068918,2,0.088,0.714,103.227,103.227,103.227,0.0,102.197,100.744,1.03,1.03,1.03,2.482,,,,yes,,,,1025.5
way/562068919,1,0.903,1.0,109.368,109.466,109.564,0.782,102.241,101.065,7.128,7.225,7.323,8.304,,,,yes,,,,577.2
way/562068920,1,0.281,1.0,107.802,107.802,107.851,0.636,100.469,100.176,7.333,7.333,7.382,7.626,10.5,levels,-3.167,yes,3,,,276.0
way/562068922,2,0.808,0.923,104.201,104.786,105.573,1.859,101.145,100.92,3.056,3.641,4.428,3.281,,,,yes,,,,507.1
way/562068923,2,1.019,0.882,103.761,103.957,104.841,1.375,100.722,100.292,3.039,3.236,4.12,3.469,,,,yes,,,,553.1
way/562068924,1,1.244,0.727,120.551,120.665,120.959,0.686,103.793,103.648,16.758,16.872,17.166,16.904,,,,yes,,,,170.3
way/562068925,1,1.089,0.846,102.269,103.888,108.917,8.652,98.813,97.892,3.456,5.075,10.105,4.377,,,,yes,,,,215.3
way/562068926,1,1.067,0.846,102.504,103.089,103.712,3.389,99.273,98.736,3.23,3.816,4.439,3.768,,,,yes,,,,225.8
way/583997805,1,0.76,1.0,100.031,100.08,100.08,0.319,92.107,91.776,7.925,7.973,7.973,8.255,,,,house,,,,162.8
way/591417213,1,1.072,1.0,88.893,89.222,89.466,1.066,83.033,82.615,5.86,6.189,6.433,6.278,,,,yes,,,,384.7
way/591417214,1,1.026,1.0,90.156,90.715,91.126,1.555,82.066,81.876,8.09,8.649,9.061,8.28,,,,yes,,,,252.0
way/591417215,1,1.072,1.0,86.456,86.715,86.827,1.482,81.427,81.113,5.03,5.288,5.401,5.344,,,,commercial,,,,374.5
way/591417216,1,0.954,1.0,86.275,86.823,86.823,0.927,82.034,81.395,4.241,4.788,4.788,4.88,,,,yes,,,,194.6
way/591417217,1,1.921,0.833,88.155,88.196,88.378,0.475,82.624,82.028,5.531,5.572,5.754,6.126,,,,yes,,,,116.8
way/591417219,1,1.105,0.765,84.424,84.892,85.616,2.034,80.596,80.274,3.828,4.296,5.02,4.151,,,,yes,,,,235.4
way/591417223,1,1.051,0.857,87.894,87.987,89.682,4.473,82.99,82.119,4.904,4.997,6.692,5.775,,,,yes,,,,897.7
way/600764104,1,0.934,1.0,110.876,110.876,110.876,0.0,107.045,106.923,3.831,3.831,3.831,3.953,,,,yes,,,,106.8
way/600764105,2,1.037,1.0,111.268,111.587,111.758,0.49,107.255,107.028,4.013,4.332,4.503,4.241,,,,yes,,,,126.7
way/616784214,1,0.893,0.733,85.094,85.19,85.636,2.19,79.615,79.196,5.479,5.575,6.02,5.899,,,,yes,,,,467.1
way/616784215,1,0.686,0.857,84.887,85.168,86.083,1.672,79.386,78.887,5.501,5.782,6.697,6.0,,,,yes,,,,303.2
way/618498763,1,0.211,1.0,78.187,78.396,78.396,0.215,74.239,74.166,3.948,4.157,4.157,4.021,4.5,levels,-0.552,roof,1,,,244.2
way/618510582,7,0.453,1.0,81.729,81.88,82.047,0.588,78.849,78.58,2.88,3.032,3.198,3.149,4.5,levels,-1.62,roof,1,,,2100.7
way/630154043,1,0.996,1.0,82.629,83.395,86.626,11.811,68.616,67.455,14.013,14.779,18.01,15.174,10.5,levels,3.513,commercial,3,,,833.7
way/630163392,1,1.028,1.0,80.993,81.336,81.532,0.686,73.819,73.661,7.174,7.517,7.714,7.332,,,,commercial,,,,125.7
way/650756046,1,0.564,1.0,107.768,107.99,108.059,0.291,101.59,101.361,6.178,6.4,6.469,6.406,,,,yes,,,Iskcon,263.4
way/656486856,1,1.094,0.727,79.723,80.607,80.736,1.587,75.274,74.552,4.448,5.333,5.461,5.171,,,,yes,,,,210.5
way/656710978,1,0.206,1.0,84.869,85.549,85.549,0.813,82.917,82.34,1.952,2.631,2.631,2.529,,,,shed,,,,305.2
way/657259416,1,0.451,1.0,98.023,98.073,98.217,1.164,90.947,90.521,7.076,7.126,7.271,7.502,,,,yes,,,,201.3
way/662292281,1,0.792,1.0,98.556,98.773,98.82,0.434,95.745,94.916,2.811,3.028,3.075,3.64,,,,yes,,,,162.4
way/662293650,1,1.26,0.727,102.426,102.635,103.304,3.762,96.644,96.385,5.782,5.99,6.66,6.041,,,,yes,,,,239.2
way/662293651,1,0.85,1.0,95.656,95.68,95.686,0.253,91.987,91.608,3.669,3.692,3.699,4.048,,,,yes,,,,239.1
way/662296340,1,0.902,1.0,92.025,92.467,92.625,1.656,88.061,87.626,3.964,4.406,4.564,4.399,,,,yes,,,,521.6
way/662299112,1,1.145,0.778,98.963,100.74,100.986,2.532,96.057,95.677,2.907,4.684,4.929,3.286,,,,yes,,,,254.3
way/662299113,1,1.172,0.75,102.013,102.221,102.257,1.744,98.103,97.973,3.909,4.118,4.154,4.039,,,,yes,,,,278.8
way/662299114,1,0.968,1.0,101.867,101.867,101.922,0.282,97.884,97.63,3.982,3.983,4.037,4.237,,,,yes,,,,138.7
way/662299115,1,0.842,1.0,104.074,104.196,104.254,0.599,98.421,98.162,5.653,5.775,5.833,5.912,,,,yes,,,,197.1
way/662299117,1,1.158,0.75,100.522,101.214,102.988,3.547,96.995,96.504,3.528,4.22,5.993,4.019,,,,yes,,,,224.3
way/662299118,1,0.359,1.0,102.729,102.796,102.799,0.144,99.497,99.165,3.232,3.299,3.302,3.564,,,,yes,,,,368.6
way/662299119,1,1.013,0.895,99.853,101.716,101.925,3.079,97.248,96.528,2.604,4.468,4.677,3.325,,,,yes,,,,431.2
way/662299121,1,0.459,1.0,100.753,100.823,100.878,1.631,93.837,93.197,6.916,6.986,7.041,7.556,,,,yes,,,,209.8
way/662299123,1,0.248,1.0,101.599,101.976,102.098,0.579,97.035,96.522,4.564,4.941,5.063,5.077,,,,yes,,,,125.8
way/662299357,1,0.821,1.0,92.113,92.374,92.456,0.633,88.755,88.659,3.358,3.618,3.701,3.455,,,,yes,,,,113.3
way/662355747,2,0.88,1.0,96.406,99.571,99.637,0.435,92.527,91.843,3.879,7.044,7.11,4.563,,,,yes,,,,258.7
way/662355748,1,1.016,0.71,96.68,98.212,99.016,3.638,93.294,92.793,3.386,4.917,5.722,3.887,,,,yes,,,,420.6
way/662355751,1,1.312,0.722,92.962,93.102,93.44,0.92,90.468,90.326,2.494,2.634,2.971,2.636,,,,yes,,,,328.6
way/662355754,1,0.541,1.0,106.824,107.088,107.143,2.256,100.732,100.393,6.092,6.356,6.411,6.431,,,,yes,,,,87.7
way/662355755,1,0.753,1.0,107.494,107.634,108.082,0.587,104.623,104.134,2.872,3.012,3.459,3.361,,,,yes,,,,444.5
way/662355758,2,0.332,1.0,104.961,107.127,108.04,4.59,102.473,100.841,2.488,4.654,5.567,4.12,,,,yes,,,,922.0
way/662355769,1,1.112,0.714,103.04,103.19,103.616,1.274,99.678,99.198,3.362,3.511,3.938,3.842,,,,yes,,,,172.2
way/662355770,1,1.655,0.769,103.842,104.139,104.717,1.359,99.793,99.615,4.048,4.346,4.924,4.226,,,,yes,,,,104.9
way/662355771,1,1.004,0.862,105.338,105.944,106.828,2.703,102.474,101.959,2.865,3.47,4.355,3.379,,,,yes,,,,795.2
way/662355772,1,0.932,1.0,106.699,106.73,106.753,0.392,100.651,99.988,6.048,6.079,6.102,6.711,,,,yes,,,,194.2
way/662355773,2,0.814,1.0,106.052,106.166,106.763,0.774,100.904,100.54,5.148,5.262,5.859,5.512,,,,yes,,,,185.3
way/662355775,1,1.104,1.0,103.506,103.673,103.682,0.593,101.096,100.736,2.409,2.577,2.586,2.769,,,,yes,,,,41.9
way/662356301,2,1.026,0.933,90.034,92.325,92.528,1.177,87.269,86.908,2.765,5.056,5.259,3.126,,,,yes,,,,248.9
way/662356302,1,1.076,1.0,91.82,91.948,92.003,0.657,87.037,86.971,4.783,4.911,4.966,4.849,,,,yes,,,,82.0
way/662357774,1,0.914,1.0,106.314,106.419,106.554,0.825,102.499,102.033,3.815,3.921,4.055,4.281,,,,yes,,,,198.5
way/662357777,1,1.194,0.8,105.434,106.516,107.243,4.365,100.057,99.436,5.377,6.459,7.186,5.998,,,,yes,,,,264.7
way/662358324,1,1.256,0.75,101.435,101.453,101.505,0.657,93.893,93.381,7.542,7.56,7.612,8.053,,,,yes,,,,146.1
way/662358758,1,1.259,0.8,90.614,91.051,92.105,2.049,86.045,85.993,4.569,5.006,6.06,4.621,,,,yes,,,,68.7
way/662358759,1,1.096,0.818,90.854,91.449,92.42,2.466,86.6,86.455,4.254,4.849,5.82,4.398,,,,yes,,,,180.7
way/662358760,1,1.049,1.0,89.491,89.629,89.629,0.545,85.983,85.849,3.508,3.646,3.646,3.642,,,,yes,,,,74.9
way/662431726,1,0.619,1.0,99.451,99.511,99.929,2.159,96.083,95.097,3.368,3.428,3.846,4.353,,,,yes,,,,247.4
way/662431730,1,1.405,0.727,95.874,96.819,99.17,4.166,92.951,92.635,2.923,3.869,6.219,3.239,,,,yes,,,,165.0
way/662431739,1,0.837,1.0,95.321,95.371,96.455,1.544,91.165,90.872,4.156,4.206,5.289,4.449,,,,yes,,,,273.9
way/662431740,1,0.386,1.0,95.29,96.622,97.582,4.371,90.761,90.286,4.529,5.861,6.821,5.004,,,,yes,,,,369.5
way/662431746,1,1.041,1.0,97.375,98.102,101.261,5.79,91.181,90.739,6.194,6.921,10.08,6.635,,,,yes,,,,406.5
way/662431748,1,0.597,1.0,93.436,94.922,95.621,2.731,90.227,90.225,3.209,4.694,5.393,3.211,,,,yes,,,,124.0
way/662431752,1,0.867,0.9,94.98,95.38,95.48,0.839,89.547,89.4,5.433,5.833,5.934,5.58,,,,yes,,,,186.7
way/662431753,1,0.739,0.938,94.447,96.328,96.685,4.065,89.943,89.779,4.504,6.385,6.742,4.668,,,,yes,,,,297.3
way/662431755,2,0.683,1.0,97.103,98.046,98.222,1.638,94.11,93.231,2.992,3.936,4.112,3.871,,,,yes,,,,452.1
way/662431756,1,0.989,0.941,102.759,102.964,103.293,1.646,97.946,97.509,4.813,5.018,5.347,5.25,,,,yes,,,,317.3
way/662431758,1,1.068,1.0,100.305,100.665,100.972,0.748,94.355,94.269,5.95,6.309,6.616,6.037,,,,yes,,,,106.0
way/662431761,1,1.141,0.778,99.799,102.098,102.356,3.106,96.625,96.303,3.173,5.473,5.73,3.495,,,,yes,,,,124.1
way/662434611,4,0.9,1.0,95.824,96.786,96.912,1.122,91.115,90.732,4.709,5.671,5.797,5.093,,,,yes,,,,324.0
way/662434613,1,0.437,1.0,95.682,97.73,97.943,2.562,88.268,88.04,7.414,9.461,9.675,7.642,,,,yes,,,,360.9
way/662434614,1,0.293,1.0,97.596,97.703,98.143,0.872,88.569,88.29,9.027,9.134,9.574,9.306,,,,yes,,,,350.1
way/662434615,1,1.033,1.0,94.865,94.868,94.868,0.304,89.714,89.427,5.15,5.153,5.153,5.437,,,,yes,,,,128.1
way/662434617,1,1.06,0.853,91.579,92.313,93.648,3.157,89.136,88.749,2.444,3.177,4.512,2.831,,,,yes,,,,689.7
way/662434620,1,1.282,0.75,92.157,92.194,92.235,0.271,89.386,89.308,2.771,2.808,2.849,2.848,,,,yes,,,,79.7
way/662434994,1,1.804,0.75,90.387,91.398,91.956,2.944,86.351,85.998,4.035,5.047,5.605,4.389,,,,yes,,,,227.2
way/662434996,1,0.928,1.0,91.703,93.149,93.797,3.839,86.945,86.701,4.758,6.204,6.852,5.002,,,,yes,,,,208.0
way/662462760,1,0.866,1.0,97.165,97.552,97.588,0.475,87.986,87.694,9.179,9.566,9.602,9.471,,,,yes,,,,157.7
way/662462762,1,0.434,1.0,94.023,95.098,95.132,2.605,90.671,90.358,3.352,4.427,4.46,3.665,,,,yes,,,,159.0
way/662469326,1,0.845,1.0,95.781,95.814,95.938,0.372,81.477,80.08,14.304,14.337,14.461,15.701,,,,yes,,,,414.3
way/662469328,1,1.221,0.833,90.811,91.646,93.609,3.281,81.923,82.019,8.887,9.722,11.686,8.791,,,,yes,,,,1284.2
way/662469330,2,0.852,1.0,85.802,86.011,86.858,2.178,82.369,82.05,3.433,3.642,4.489,3.753,,,,yes,,,,369.5
way/662469331,1,1.087,0.9,86.205,87.053,88.625,4.266,82.201,82.183,4.004,4.852,6.424,4.022,,,,yes,,,,367.9
way/662469333,1,0.979,1.0,85.918,86.583,86.583,1.148,80.867,79.1,5.051,5.717,5.717,6.818,,,,yes,,,,300.8
way/662469336,2,1.03,0.875,93.961,94.565,97.377,7.246,87.723,87.488,6.238,6.842,9.654,6.473,,,,yes,,,,383.0
way/662469990,1,0.999,1.0,79.495,79.979,81.328,4.541,74.349,73.75,5.146,5.63,6.979,5.746,,,,yes,,,,609.9
way/662487482,1,0.884,1.0,93.062,94.484,95.948,3.743,90.351,89.8,2.711,4.134,5.597,3.262,,,,yes,,,,463.4
way/662487485,1,1.456,0.75,94.762,94.801,94.926,2.511,89.945,89.717,4.817,4.856,4.981,5.045,,,,yes,,,,143.8
way/662488481,1,0.807,1.0,101.178,101.527,101.947,1.746,99.053,98.083,2.124,2.473,2.894,3.095,,,,yes,,,,285.6
way/662488486,1,1.053,1.0,109.358,109.362,109.531,1.492,100.67,100.376,8.688,8.692,8.861,8.982,,,,yes,,,,120.9
way/662510776,1,0.772,1.0,99.958,100.067,100.419,0.663,95.552,95.272,4.405,4.515,4.867,4.686,,,,yes,,,,250.2
way/662510778,1,0.925,1.0,102.812,102.85,102.927,0.293,95.08,94.699,7.732,7.77,7.847,8.114,,,,yes,,,,186.2
way/662510781,1,0.354,1.0,97.527,97.646,99.699,2.925,94.429,93.895,3.097,3.217,5.27,3.632,,,,yes,,,,196.1
way/662510852,1,0.889,1.0,101.019,101.727,102.039,4.277,95.129,94.929,5.89,6.598,6.91,6.09,,,,yes,,,,119.4
way/662511847,1,0.875,1.0,108.949,109.025,109.026,1.851,101.995,101.729,6.954,7.03,7.031,7.22,,,,yes,,,,92.7
way/662511848,1,1.328,0.867,106.643,106.852,107.564,2.126,103.368,102.865,3.275,3.484,4.196,3.778,,,,yes,,,,199.4
way/662511849,1,0.832,1.0,111.501,111.731,112.518,1.315,103.044,102.827,8.458,8.687,9.474,8.674,,,,yes,,,,141.4
way/662511852,2,1.384,0.857,109.539,110.045,112.494,4.617,102.975,102.733,6.564,7.071,9.519,6.806,,,,yes,,,,143.0
way/662512116,1,1.437,0.714,102.344,102.919,105.123,4.761,98.672,97.708,3.672,4.247,6.451,4.636,,,,yes,,,,477.4
way/662512118,1,0.864,1.0,104.009,104.094,104.094,0.384,97.229,96.521,6.779,6.865,6.865,7.488,,,,yes,,,,277.7
way/662512454,1,0.855,1.0,99.613,99.759,99.765,0.282,94.744,94.691,4.869,5.015,5.021,4.922,,,,yes,,,,121.1
way/662512455,1,0.332,0.857,99.05,99.292,99.385,0.424,96.962,96.325,2.088,2.33,2.422,2.725,,,,yes,,,,201.5
way/662512456,1,0.172,1.0,100.248,100.495,100.577,0.339,95.568,95.204,4.68,4.927,5.01,5.044,,,,yes,,,,107.3
way/662512457,1,1.089,1.0,97.711,97.851,98.042,0.576,95.333,94.843,2.378,2.517,2.709,2.869,,,,yes,,,,101.0
way/662512459,1,1.118,0.857,105.156,105.767,105.84,2.054,100.643,100.108,4.513,5.124,5.197,5.048,,,,yes,,,,125.0
way/662512460,1,0.987,0.75,105.134,105.427,105.428,0.294,99.34,98.975,5.795,6.087,6.088,6.159,,,,yes,,,,93.2
way/662512716,1,0.926,1.0,104.206,104.206,104.206,0.293,102.121,101.673,2.085,2.085,2.085,2.533,,,,yes,,,,143.8
way/662513216,2,1.047,0.895,107.201,108.417,109.844,3.231,104.986,104.43,2.215,3.432,4.859,2.77,,,,yes,,,,481.8
way/662513781,1,1.149,1.0,96.139,96.166,99.128,3.953,91.638,91.548,4.501,4.529,7.49,4.591,,,,yes,,,,116.6
way/662652642,1,0.446,1.0,91.926,92.67,94.468,3.691,86.477,86.256,5.449,6.192,7.991,5.67,,,,yes,,,,425.5
way/662652643,1,0.608,1.0,91.001,91.3,91.3,0.781,86.011,85.855,4.989,5.289,5.289,5.146,,,,yes,,,,106.9
way/662744713,2,0.848,1.0,113.403,115.19,115.893,2.831,105.243,104.365,8.16,9.947,10.65,9.038,,,,yes,,,,249.4
way/662744714,1,0.965,0.833,116.627,116.627,116.919,0.293,104.687,104.405,11.94,11.94,12.232,12.222,,,,yes,,,,115.6
way/662745024,1,0.952,1.0,112.057,112.886,113.617,1.657,104.86,104.449,7.197,8.026,8.757,7.608,,,,yes,,,,151.7
way/662745029,1,0.97,0.917,111.742,113.694,113.889,2.928,107.521,107.431,4.221,6.173,6.368,4.311,,,,yes,,,,247.3
way/662969562,1,0.805,1.0,111.2,111.949,112.084,1.178,106.161,105.622,5.04,5.789,5.923,5.579,,,,yes,,,,195.5
way/662969563,1,0.884,1.0,110.778,110.876,110.876,0.098,107.533,107.356,3.245,3.343,3.343,3.422,,,,yes,,,,159.0
way/662969564,1,1.056,1.0,113.57,113.671,113.766,0.589,107.646,107.63,5.924,6.025,6.12,5.94,,,,yes,,,,215.6
way/662969565,1,1.037,1.0,114.55,114.55,114.746,0.393,107.444,107.117,7.106,7.106,7.302,7.433,,,,yes,,,,115.4
way/662969566,1,1.235,0.778,114.058,114.329,115.434,2.161,107.534,107.323,6.524,6.794,7.899,6.735,,,,yes,,,,195.4
way/662969568,2,1.006,1.0,110.544,110.612,111.102,0.589,105.814,105.41,4.73,4.798,5.288,5.134,,,,yes,,,,262.9
way/662969569,1,0.933,1.0,110.19,110.21,110.412,0.976,107.527,107.236,2.663,2.683,2.885,2.954,,,,yes,,,,234.1
way/663098491,1,0.938,0.875,99.302,102.38,102.573,3.403,91.718,91.63,7.584,10.662,10.854,7.673,,,,yes,,,,99.7
way/663098492,1,1.232,0.875,95.821,96.739,97.155,1.634,91.99,91.718,3.831,4.749,5.165,4.104,,,,yes,,,,109.4
way/663098493,1,1.355,0.75,94.097,94.287,94.383,1.702,90.168,90.137,3.929,4.119,4.214,3.96,,,,yes,,,,79.9
way/663098496,1,0.653,0.812,100.486,100.719,100.976,1.489,97.947,97.526,2.539,2.772,3.029,2.96,,,,yes,,,,338.1
way/663098497,1,0.916,0.875,104.713,106.864,107.368,6.14,99.356,98.719,5.357,7.508,8.012,5.994,,,,yes,,,,343.0
way/663099400,1,0.674,0.941,101.502,103.196,103.381,3.97,97.352,96.695,4.15,5.844,6.029,4.808,,,,yes,,,,303.1
way/663109991,1,1.056,1.0,94.046,94.122,94.331,2.537,86.065,84.696,7.981,8.057,8.266,9.349,,,,yes,,,,378.7
way/663165926,1,1.123,0.733,97.438,97.743,99.37,2.353,94.748,94.506,2.69,2.995,4.622,2.932,,,,yes,,,,197.9
way/663165927,1,1.492,0.8,100.305,100.409,100.556,2.003,94.26,94.184,6.045,6.149,6.296,6.121,,,,yes,,,,82.9
way/663165930,1,0.326,1.0,102.103,102.366,102.388,3.226,94.786,94.006,7.317,7.579,7.602,8.097,,,,garages,,,,315.6
way/663165931,1,0.265,1.0,98.614,98.67,98.771,0.388,93.321,92.769,5.293,5.349,5.45,5.845,,,,yes,,,,294.8
way/663166557,1,0.771,0.846,96.745,98.422,99.835,4.56,92.881,92.695,3.865,5.541,6.954,4.051,,,,yes,,,,252.0
way/663166559,1,1.06,0.889,97.912,97.988,97.999,0.243,91.821,91.466,6.091,6.168,6.178,6.445,,,,yes,,,,126.5
way/663167344,1,1.061,1.0,92.514,92.647,92.686,0.669,85.705,85.664,6.809,6.943,6.981,6.85,,,,yes,,,,142.3
way/663167345,3,1.017,0.75,92.929,93.585,95.195,2.635,88.536,88.296,4.393,5.049,6.66,4.633,,,,yes,,,,305.9
way/663188908,1,0.867,1.0,108.86,109.153,111.303,4.006,103.884,103.889,4.976,5.269,7.419,4.971,,,,yes,,,,330.6
way/663188910,1,0.938,1.0,108.158,108.158,108.256,0.098,105.717,105.393,2.442,2.442,2.54,2.765,,,,yes,,,,172.2
way/663542279,1,0.978,1.0,70.169,71.669,71.682,1.695,67.833,67.477,2.337,3.836,3.849,2.692,,,,yes,,,,121.1
way/663542280,1,0.975,1.0,71.075,71.433,71.549,0.484,67.325,66.536,3.75,4.108,4.224,4.539,,,,yes,,,,258.3
way/663543227,1,0.902,1.0,102.123,103.637,105.391,7.206,85.563,85.568,16.561,18.075,19.828,16.555,,,,yes,,,,393.6
way/663543228,1,0.39,0.75,86.131,88.579,89.872,5.884,82.01,81.984,4.121,6.569,7.862,4.147,,,,yes,,,,365.0
way/663543229,1,1.198,0.824,86.528,87.988,89.25,3.768,81.864,81.465,4.664,6.124,7.386,5.063,,,,yes,,,,304.9
way/664859511,1,0.467,1.0,97.257,99.387,99.437,3.549,91.783,91.718,5.474,7.604,7.654,5.539,,,,yes,,,,176.9
way/664861326,2,1.14,0.857,79.696,80.304,81.016,2.315,73.738,72.893,5.958,6.566,7.279,6.803,,,,yes,,,,228.9
way/664861328,1,1.19,0.7,76.765,76.834,76.971,0.856,73.575,72.731,3.19,3.259,3.396,4.035,,,,yes,,,,187.6
way/669569939,1,0.577,0.778,81.157,81.295,81.446,1.352,75.061,74.12,6.095,6.233,6.384,7.037,,,,yes,,,,347.5
way/669569942,1,0.889,1.0,83.351,83.405,83.509,2.042,75.994,75.66,7.357,7.411,7.515,7.691,,,,yes,,,,143.2
way/669569950,1,1.079,0.75,75.562,76.114,76.631,1.703,70.6,70.169,4.963,5.515,6.032,5.394,,,,yes,,,,183.1
way/669570552,1,1.002,1.0,86.997,87.049,87.049,0.124,78.475,78.29,8.522,8.575,8.575,8.707,,,,yes,,,,72.3
way/669570553,1,0.918,0.833,76.881,77.121,77.361,0.899,72.523,72.017,4.358,4.598,4.838,4.863,,,,yes,,,,148.9
way/669570782,1,1.024,0.778,77.247,77.697,77.8,2.684,73.336,72.439,3.911,4.361,4.465,4.808,,,,yes,,,,319.1
way/669570784,1,1.858,0.769,76.562,77.628,78.283,4.88,67.884,67.464,8.678,9.745,10.4,9.098,,,,yes,,,,133.3
way/669570785,2,0.885,0.909,73.585,73.943,76.512,4.37,71.409,70.015,2.176,2.534,5.103,3.57,,,,yes,,,,471.9
way/669571091,1,0.863,1.0,95.789,95.801,95.804,0.028,88.337,88.25,7.452,7.464,7.467,7.539,,,,yes,,,,183.7
way/670512574,1,0.144,1.0,85.108,85.18,85.18,0.16,82.266,81.768,2.842,2.914,2.914,3.34,,,,yes,,,,807.8
way/670704621,1,0.824,0.875,90.552,90.695,90.949,0.668,87.955,87.915,2.597,2.74,2.994,2.638,,,,yes,,,,220.8
way/670705768,3,0.733,1.0,93.244,93.793,93.982,2.139,88.224,88.164,5.019,5.569,5.758,5.079,,,,yes,,,,317.9
way/670705769,1,1.073,0.762,90.521,90.891,92.309,2.149,88.146,87.935,2.375,2.745,4.163,2.586,,,,yes,,,,231.7
way/670706637,1,1.115,0.818,108.556,108.801,108.801,2.055,104.455,103.868,4.101,4.346,4.346,4.689,,,,yes,,,,137.8
way/670706640,1,0.951,1.0,108.196,109.864,111.143,2.947,102.912,102.499,5.284,6.952,8.231,5.697,,,,yes,,,,246.2
way/670706641,1,0.609,1.0,110.315,111.4,111.915,2.23,107.631,107.413,2.684,3.768,4.284,2.902,,,,yes,,,,233.8
way/670746710,1,1.125,0.923,80.385,80.444,80.481,0.98,73.435,72.903,6.95,7.009,7.046,7.481,,,,yes,,,,282.6
way/670746711,1,0.96,0.833,77.521,77.619,78.012,1.08,73.878,73.512,3.643,3.741,4.134,4.009,,,,yes,,,,344.9
way/670746712,3,1.147,0.846,77.368,78.573,78.711,2.454,72.761,72.46,4.607,5.813,5.95,4.908,,,,yes,,,,177.4
way/670747613,1,0.841,1.0,83.952,83.952,83.952,0.0,73.946,73.314,10.006,10.006,10.006,10.638,,,,yes,,,,571.8
way/670747617,1,1.028,0.75,86.211,86.309,86.42,0.281,73.946,73.601,12.265,12.363,12.474,12.61,,,,yes,,,,214.7
way/670747621,1,0.773,1.0,78.981,79.754,80.073,1.766,73.52,72.864,5.461,6.234,6.553,6.117,,,,yes,,,,348.6
way/670748122,1,0.687,1.0,81.699,81.701,81.701,0.294,74.368,74.127,7.331,7.333,7.333,7.572,,,,yes,,,,180.0
way/670748124,1,0.887,1.0,75.636,75.734,76.618,1.08,71.687,71.498,3.949,4.047,4.931,4.138,,,,yes,,,,191.5
way/676107713,1,1.104,1.0,77.449,77.452,77.452,0.098,73.277,72.046,4.172,4.174,4.175,5.403,,,,yes,,,,145.6
way/67799184,1,1.008,1.0,93.433,94.051,94.402,1.193,86.76,86.147,6.673,7.291,7.642,7.286,,,,yes,,,,307.9
way/67799189,1,0.988,1.0,97.588,97.718,97.718,0.215,85.882,84.922,11.707,11.837,11.837,12.667,,,,yes,,,,550.9
way/67799190,1,1.022,1.0,85.89,85.89,85.89,0.196,74.686,74.559,11.204,11.204,11.204,11.332,,,,yes,,,Lukoil Moldova,204.1
way/67799194,1,1.043,0.894,95.849,96.592,101.074,7.238,85.752,84.96,10.097,10.84,15.322,10.888,10.5,levels,-0.403,yes,3,,Ministerul Afacerilor Interne,3301.3
way/67803010,1,1.098,1.0,92.329,92.525,92.525,0.486,81.845,81.072,10.484,10.68,10.68,11.257,12.0,levels,-1.516,retail,3,,,490.7
way/67803015,1,1.031,0.9,103.933,104.052,104.124,1.115,87.356,87.078,16.578,16.696,16.768,16.856,,,,yes,,,,500.3
way/67803023,1,0.374,1.0,94.14,94.332,94.387,0.733,86.105,85.988,8.035,8.227,8.282,8.152,,,,school,,,,1669.1
way/67803027,1,1.072,1.0,100.987,102.551,103.48,4.998,83.071,82.962,17.917,19.48,20.409,18.026,16.5,levels,1.417,yes,5,,,2750.9
way/67803029,1,1.09,1.0,92.029,92.065,92.105,0.253,80.638,80.116,11.391,11.427,11.467,11.913,,,,government,,,,573.0
way/67803030,1,1.166,1.0,87.96,90.745,90.846,3.365,78.982,78.661,8.978,11.764,11.864,9.299,10.5,levels,-1.522,retail,3,,,847.5
way/67803034,1,0.971,1.0,97.088,97.133,97.231,0.182,85.355,85.241,11.732,11.778,11.875,11.847,,,,yes,,,,828.2
way/67803035,2,0.172,0.714,89.507,93.609,95.305,8.644,85.058,84.435,4.45,8.551,10.248,5.073,7.5,levels,-3.05,yes,2,,,2049.5
way/67804502,1,1.011,1.0,97.183,98.321,98.786,2.82,83.847,83.074,13.336,14.474,14.939,14.109,,,,commercial,,,SG Business Center,758.6
way/67804510,1,1.04,1.0,81.861,110.935,111.218,29.846,76.99,77.042,4.871,33.945,34.228,4.819,25.5,levels,-20.629,yes,8,,,743.9
way/67804516,1,1.28,0.824,94.99,96.273,96.719,1.91,78.759,78.439,16.231,17.513,17.96,16.551,,,,yes,,,,943.0
way/67804522,1,1.099,0.727,96.612,111.693,112.004,30.011,77.259,76.015,19.352,34.434,34.744,20.597,28.5,levels,-9.148,office,9,,IPTEH,1350.7
way/678836395,1,0.825,1.0,81.522,85.189,85.756,5.808,76.075,75.675,5.446,9.113,9.681,5.847,,,,yes,,,,394.9
way/68031766,1,1.002,1.0,109.023,109.023,109.023,0.583,102.883,102.807,6.14,6.14,6.14,6.216,,,,yes,,,PD-15,230.4
way/68031767,2,0.977,1.0,125.006,125.196,125.2,1.926,107.74,105.746,17.267,17.456,17.46,19.26,13.5,levels,3.767,university,4,,Blocul 4 - USM,4438.8
way/68031778,1,1.002,1.0,112.904,113.194,114.162,1.548,103.02,102.826,9.884,10.174,11.142,10.078,7.5,levels,2.384,university,2,,Blocul 1 - USM,2475.1
way/68031783,1,0.996,1.0,122.593,122.593,122.883,0.964,101.306,101.058,21.287,21.287,21.576,21.535,16.5,levels,4.787,university,5,,Blocul 3 - USM,2027.0
way/68031785,1,1.008,1.0,108.341,108.501,108.501,0.387,102.325,101.943,6.015,6.176,6.176,6.398,,,,yes,,,Tipografie,283.3
way/68031792,1,0.992,1.0,113.581,113.775,113.775,0.193,105.425,105.091,8.156,8.349,8.349,8.49,,,,yes,,,Cazangerie,266.3
way/687368428,1,0.879,1.0,78.066,78.292,79.078,2.65,63.577,63.304,14.489,14.715,15.501,14.762,,,,yes,,,,382.6
way/687368439,1,1.17,1.0,64.004,65.478,66.143,2.893,61.021,60.55,2.984,4.457,5.122,3.455,,,,yes,,,,137.4
way/689617515,1,1.073,1.0,59.064,59.312,59.339,1.082,55.143,54.767,3.921,4.169,4.196,4.297,,,,yes,,,,186.1
way/689623072,1,1.046,0.846,77.58,78.364,79.2,2.36,74.901,74.577,2.679,3.464,4.299,3.003,,,,yes,,,,167.0
way/689623073,1,1.089,1.0,74.682,75.535,75.819,1.237,70.528,69.476,4.153,5.007,5.291,5.206,,,,yes,,,,293.6
way/689623074,1,0.958,1.0,81.912,81.934,82.546,1.408,69.88,69.354,12.032,12.054,12.666,12.558,,,,yes,,,,363.1
way/692797290,1,0.954,0.778,95.782,95.925,96.083,1.982,90.538,90.227,5.244,5.386,5.544,5.555,,,,yes,,,,137.8
way/692797291,1,0.639,1.0,93.833,94.545,94.612,2.299,90.875,89.863,2.958,3.67,3.738,3.97,,,,yes,,,,228.8
way/692797292,1,1.476,0.75,95.546,95.619,95.685,0.263,89.562,89.192,5.984,6.057,6.123,6.354,,,,yes,,,,61.0
way/692798829,5,1.065,0.727,92.145,93.036,94.518,2.221,87.077,86.579,5.068,5.959,7.441,5.566,,,,yes,,,,757.1
way/692817092,1,1.054,0.75,90.834,90.899,90.923,0.955,87.621,87.558,3.212,3.278,3.302,3.276,,,,yes,,,,149.1
way/696606992,3,1.044,0.778,76.338,76.534,77.615,1.473,74.115,73.419,2.223,2.419,3.5,2.919,,,,yes,,,,988.9
way/696606994,1,1.013,1.0,84.017,84.112,84.213,0.49,74.26,73.614,9.756,9.851,9.952,10.403,,,,yes,,,,518.6
way/696606995,1,0.958,1.0,74.952,75.005,75.05,0.295,72.016,71.401,2.936,2.989,3.034,3.551,,,,yes,,,,68.3
way/696606996,2,0.93,1.0,77.713,78.794,79.088,0.982,74.217,74.235,3.496,4.577,4.871,3.479,,,,yes,,,,83.0
way/696653311,1,0.94,0.789,75.21,75.554,76.681,2.021,72.757,72.125,2.453,2.797,3.924,3.085,,,,yes,,,,325.0
way/696653316,1,0.471,1.0,76.268,76.563,76.669,1.534,73.842,72.603,2.427,2.721,2.827,3.666,,,,yes,,,,437.4
way/696653317,1,0.933,0.857,79.229,80.924,81.447,3.598,75.292,74.906,3.937,5.631,6.155,4.323,,,,yes,,,,394.6
way/696653321,1,0.075,1.0,80.403,80.806,81.191,0.935,77.466,77.185,2.938,3.34,3.725,3.218,,,,yes,,,,319.2
way/696656203,1,0.785,1.0,79.723,79.726,79.728,0.047,73.736,73.288,5.987,5.99,5.992,6.434,,,,yes,,,,125.0
way/696834040,1,0.952,1.0,65.797,65.954,66.093,0.789,63.156,62.454,2.641,2.799,2.937,3.343,,,,yes,,,,225.0
way/696834049,1,0.795,1.0,90.121,91.88,92.076,3.713,73.288,72.619,16.833,18.592,18.788,17.503,,,,yes,,,,497.9
way/696834711,1,1.045,0.8,77.32,78.287,78.581,1.57,74.237,74.073,3.083,4.05,4.344,3.247,,,,yes,,,,174.6
way/696834714,1,0.966,0.929,85.891,86.088,86.312,4.086,80.498,79.868,5.392,5.589,5.814,6.022,,,,yes,,,,406.4
way/696834716,1,1.069,1.0,86.078,86.163,86.163,2.249,81.09,80.713,4.989,5.073,5.073,5.366,,,,yes,,,,111.0
way/696834717,2,1.111,1.0,83.515,84.85,84.961,0.119,79.625,79.362,3.89,5.225,5.336,4.153,,,,yes,,,,73.8
way/696838528,1,0.938,0.917,70.519,71.307,71.996,2.167,67.886,67.463,2.633,3.421,4.11,3.056,,,,yes,,,,300.2
way/696838529,1,0.849,0.875,74.173,76.026,76.532,3.146,69.444,68.938,4.729,6.582,7.089,5.235,,,,yes,,,,244.3
way/696838531,1,0.238,0.778,71.499,71.499,71.499,0.0,68.439,67.601,3.06,3.06,3.06,3.898,,,,yes,,,,144.6
way/696838532,2,1.004,1.0,74.007,74.477,74.968,1.08,67.783,67.697,6.224,6.694,7.185,6.31,,,,yes,,,,286.0
way/696838533,1,1.042,1.0,70.437,70.634,71.225,0.984,66.864,66.474,3.573,3.77,4.361,3.963,,,,yes,,,,182.8
way/696838534,1,1.079,0.833,74.419,74.714,74.812,0.885,69.674,69.394,4.745,5.04,5.139,5.025,,,,yes,,,,166.7
way/696838539,3,0.813,1.0,73.98,74.18,74.573,0.883,71.241,70.808,2.739,2.939,3.332,3.172,,,,yes,,,,250.1
way/696838540,1,1.026,1.0,76.949,77.095,77.636,1.277,71.758,71.192,5.191,5.337,5.879,5.757,,,,yes,,,,119.0
way/696842691,2,1.073,0.733,76.759,77.767,78.75,3.927,68.776,68.365,7.983,8.991,9.974,8.394,,,,yes,,,,568.3
way/696842692,2,1.144,0.714,71.054,71.447,71.743,0.984,68.237,67.84,2.817,3.21,3.505,3.214,,,,yes,,,,177.9
way/696843535,1,0.551,1.0,73.331,73.65,73.896,0.688,70.623,70.264,2.708,3.028,3.273,3.066,,,,yes,,,,234.3
way/696845100,1,0.245,1.0,75.167,75.56,75.56,0.59,72.848,71.266,2.319,2.712,2.712,3.901,,,,apartments,,,,732.6
way/696850457,3,1.013,0.714,87.763,88.834,90.889,3.887,84.597,84.548,3.166,4.237,6.292,3.215,,,,yes,,,,556.4
way/696850459,1,0.705,0.9,84.778,85.956,86.587,3.277,82.775,80.813,2.003,3.18,3.812,3.965,,,,yes,,,,457.0
way/696850460,1,0.926,1.0,89.003,89.258,90.173,1.584,86.297,86.162,2.706,2.961,3.876,2.841,,,,yes,,,,264.7
way/696853932,1,0.857,1.0,91.858,92.055,92.252,1.65,78.266,77.805,13.591,13.789,13.986,14.053,,,,yes,,,,340.0
way/696854710,1,1.006,0.875,90.941,91.019,93.427,2.719,77.589,76.731,13.353,13.43,15.838,14.211,,,,yes,,,,209.6
way/696854713,1,0.917,1.0,85.854,86.039,86.15,0.398,77.665,77.189,8.19,8.375,8.485,8.665,,,,yes,,,,524.8
way/696868896,1,0.888,0.818,62.72,64.006,64.564,2.796,59.537,59.057,3.182,4.469,5.026,3.663,,,,yes,,,,117.9
way/696868897,1,0.64,1.0,74.585,76.477,76.747,2.654,65.247,64.48,9.338,11.231,11.501,10.105,,,,yes,,,,272.9
way/697332695,1,0.919,1.0,80.653,81.183,81.471,1.786,76.619,76.213,4.034,4.564,4.851,4.44,,,,industrial,,,,275.1
way/697697303,1,0.897,1.0,70.157,70.42,72.222,2.163,65.477,65.31,4.68,4.943,6.744,4.847,,,,yes,,,,133.0
way/697852799,1,0.801,0.727,63.482,63.819,64.531,2.755,57.014,56.792,6.468,6.805,7.517,6.691,,,,house,,,,133.7
way/697852801,1,0.326,1.0,59.648,59.898,59.985,0.491,57.807,57.14,1.84,2.09,2.178,2.507,,,,yes,,,,134.8
way/698869582,1,1.358,0.75,95.459,95.769,95.839,2.582,91.341,91.156,4.118,4.427,4.497,4.303,,,,yes,,,,115.3
way/698924276,2,0.863,0.8,101.261,101.693,102.939,2.815,98.771,98.11,2.49,2.922,4.168,3.151,,,,yes,,,,337.9
way/698945588,1,1.181,0.875,82.881,87.064,87.274,6.712,77.364,76.837,5.518,9.701,9.91,6.044,,,,industrial,,,,873.8
way/70117732,1,1.037,1.0,100.383,100.49,100.532,1.48,89.597,89.418,10.786,10.893,10.935,10.965,,,,yes,,,Clădirea fostului gimnaziu pentru fete (1882),1692.7
way/70117734,1,0.878,1.0,102.184,102.343,102.437,5.647,86.958,86.85,15.226,15.384,15.479,15.334,,,,hospital,,,,2296.5
way/70117735,1,0.975,1.0,108.917,108.997,109.091,0.55,98.581,97.642,10.336,10.416,10.51,11.275,,,,yes,,,Blocul central,506.7
way/70117736,2,1.041,1.0,114.683,116.937,118.098,15.975,95.707,95.181,18.975,21.23,22.391,19.502,,,,hospital,,,,1391.5
way/704145993,1,0.718,1.0,89.135,89.317,90.088,1.582,86.877,86.497,2.258,2.439,3.211,2.639,,,,yes,,,,247.9
way/704145994,1,0.835,0.818,92.375,92.594,92.769,2.36,87.133,86.979,5.242,5.461,5.636,5.396,,,,yes,,,,263.9
way/704148995,1,0.851,1.0,91.582,91.676,91.707,0.246,88.007,87.976,3.575,3.669,3.7,3.606,,,,yes,,,,102.9
way/704148996,3,0.898,0.778,94.405,96.776,98.622,2.513,87.944,87.722,6.461,8.832,10.677,6.683,,,,yes,,,,355.3
way/704148997,2,0.886,0.857,93.69,95.202,96.378,2.688,88.004,87.95,5.686,7.198,8.374,5.739,,,,yes,,,,135.6
way/704149002,1,0.893,0.75,95.063,96.198,97.016,2.746,91.104,91.043,3.958,5.094,5.912,4.019,,,,yes,,,,159.5
way/704149881,2,0.967,0.783,93.643,95.081,97.527,3.57,88.256,87.96,5.387,6.826,9.271,5.683,,,,yes,,,,535.6
way/704153051,1,0.52,0.8,96.097,96.503,96.654,0.976,93.924,93.611,2.173,2.579,2.73,2.486,,,,yes,,,,114.3
way/704153053,1,0.095,1.0,95.486,96.361,96.361,0.885,92.484,92.407,3.002,3.877,3.877,3.079,,,,yes,,,,141.1
way/704153056,2,0.963,0.75,101.204,101.22,103.556,2.948,95.502,94.867,5.702,5.718,8.054,6.337,,,,yes,,,,204.6
way/704153057,1,0.927,0.7,101.122,101.493,103.181,2.269,98.751,98.298,2.371,2.742,4.429,2.824,,,,yes,,,,216.0
way/704155058,1,0.719,1.0,94.749,94.914,95.08,0.362,93.001,92.937,1.747,1.913,2.079,1.811,,,,yes,,,,82.2
way/704155061,1,0.358,1.0,88.458,89.227,89.227,0.866,86.119,85.979,2.339,3.108,3.108,2.48,,,,yes,,,,126.4
way/704155063,2,0.393,1.0,90.226,90.587,90.942,1.418,86.125,85.986,4.101,4.462,4.817,4.24,,,,yes,,,,546.8
way/704155064,1,0.511,1.0,89.906,90.68,90.868,1.609,86.177,85.754,3.729,4.502,4.691,4.152,,,,yes,,,,217.0
way/704155065,1,0.996,0.714,90.021,90.062,90.184,0.606,85.994,85.929,4.027,4.068,4.19,4.092,,,,yes,,,,392.2
way/704155066,1,0.501,1.0,90.855,90.873,90.888,0.163,85.818,85.761,5.037,5.055,5.07,5.094,,,,yes,,,,72.4
way/704155071,2,0.824,1.0,93.29,93.346,93.608,1.189,88.073,87.665,5.218,5.274,5.536,5.625,,,,yes,,,,602.3
way/704155072,1,1.01,0.875,92.728,92.731,93.495,1.006,88.215,87.931,4.513,4.517,5.28,4.797,,,,yes,,,,151.5
way/704155073,1,1.014,0.833,90.607,90.665,90.809,0.78,87.971,87.949,2.636,2.693,2.838,2.658,,,,yes,,,,236.5
way/704155074,1,0.513,1.0,92.473,92.542,92.575,0.472,88.11,87.622,4.363,4.432,4.465,4.85,,,,yes,,,,505.2
way/704155075,1,0.908,0.778,90.017,90.239,91.914,2.699,87.428,87.216,2.589,2.81,4.486,2.801,,,,yes,,,,428.2
way/704155076,1,0.414,0.714,93.418,94.27,96.202,3.542,87.152,86.94,6.266,7.118,9.051,6.479,,,,yes,,,,269.7
way/704155077,2,0.786,0.812,90.169,90.719,91.42,2.075,86.614,86.321,3.555,4.105,4.806,3.848,,,,yes,,,,186.4
way/704274696,1,0.97,1.0,95.243,96.195,97.043,1.978,92.656,92.378,2.586,3.539,4.387,2.865,,,,yes,,,,132.8
way/704449228,1,0.493,1.0,91.18,92.968,93.043,2.812,88.004,87.935,3.176,4.964,5.039,3.245,,,,yes,,,,120.6
way/705439387,1,0.122,1.0,75.589,76.128,76.128,0.59,71.07,70.233,4.519,5.058,5.058,5.356,,,,yes,,,,353.8
way/708743642,1,0.539,1.0,85.386,86.22,88.471,4.257,82.43,81.955,2.956,3.789,6.041,3.432,,,,yes,,,,138.3
way/708743644,1,0.432,0.75,84.995,84.998,84.998,0.632,82.465,82.186,2.529,2.533,2.533,2.809,,,,yes,,,,98.3
way/708743645,1,0.94,0.917,83.206,84.802,85.491,2.518,81.329,80.343,1.877,3.473,4.162,2.863,,,,yes,,,,166.7
way/708743646,1,1.023,1.0,81.615,81.64,81.907,0.48,78.575,78.525,3.039,3.065,3.332,3.089,,,,yes,,,,80.4
way/708743648,2,1.059,0.714,79.406,81.897,82.251,0.784,77.005,76.841,2.401,4.893,5.247,2.565,,,,yes,,,,292.5
way/708743651,1,1.123,1.0,76.015,76.753,76.892,2.553,72.624,71.428,3.391,4.129,4.268,4.587,,,,yes,,,,233.1
way/708743652,1,1.018,0.917,84.145,84.152,84.243,0.49,78.552,78.419,5.593,5.6,5.691,5.726,,,,yes,,,,172.1
way/708761758,1,0.967,0.8,88.303,89.344,89.357,6.183,80.502,80.148,7.801,8.842,8.855,8.155,,,,yes,,,,134.7
way/708762536,2,0.966,0.739,84.206,84.564,85.64,2.346,78.157,77.456,6.048,6.407,7.483,6.749,,,,yes,,,,304.7
way/708762538,1,0.96,1.0,81.76,81.809,81.956,0.784,78.841,78.807,2.919,2.968,3.115,2.952,,,,yes,,,,162.2
way/708762539,1,0.255,0.833,86.214,86.456,88.076,2.253,78.74,78.568,7.474,7.715,9.335,7.646,,,,yes,,,,165.4
way/708764846,1,1.078,1.0,81.015,81.693,82.652,2.089,78.137,77.569,2.878,3.556,4.515,3.446,,,,yes,,,,203.8
way/711002146,3,0.802,0.909,74.16,74.205,75.471,1.377,71.277,71.222,2.883,2.928,4.194,2.938,,,,yes,,,,252.2
way/711002147,1,1.587,0.8,84.823,85.797,86.529,2.162,83.287,82.849,1.536,2.51,3.242,1.974,,,,yes,,,,182.9
way/71405859,1,1.049,1.0,103.381,103.493,103.493,0.197,99.348,99.238,4.033,4.145,4.145,4.143,,,,yes,,,,126.0
way/72667677,1,1.045,1.0,64.456,64.481,64.8,0.8,58.867,58.588,5.589,5.614,5.932,5.868,7.5,levels,-1.911,yes,2,,Acces Imobil,258.2
way/729197401,1,1.152,0.929,95.149,96.552,97.061,2.504,84.169,83.763,10.98,12.383,12.893,11.385,,,,yes,,,,283.1
way/73667568,1,1.018,0.889,106.013,107.119,108.392,15.019,88.201,87.912,17.812,18.918,20.191,18.101,,,,commercial,,,Baza Auto a Parlamentului,2427.8
way/737881766,1,0.947,1.0,89.427,90.412,91.948,3.593,84.457,84.298,4.97,5.955,7.491,5.129,,,,yes,,,,267.2
way/737884749,2,0.673,1.0,89.599,90.654,91.672,2.864,85.9,85.419,3.698,4.753,5.771,4.18,,,,yes,,,,245.7
way/737894493,1,0.965,1.0,88.314,88.4,88.843,3.61,76.886,76.189,11.428,11.513,11.957,12.125,,,,retail,,,,306.5
way/737894494,1,0.109,0.917,80.037,80.089,80.372,0.629,77.889,77.244,2.149,2.201,2.483,2.793,,,,yes,,,,579.5
way/737894495,1,0.559,1.0,81.144,81.886,82.263,2.625,76.881,76.362,4.263,5.005,5.382,4.781,,,,yes,,,,312.7
way/738213813,1,0.314,1.0,90.79,91.326,91.444,1.072,88.202,88.207,2.587,3.124,3.241,2.582,,,,yes,,,,189.4
way/738213815,1,0.73,0.889,93.133,94.986,95.652,3.515,89.455,89.283,3.677,5.53,6.197,3.849,,,,yes,,,,306.6
way/738213816,1,0.752,0.778,96.709,97.546,97.741,2.655,90.607,89.874,6.102,6.938,7.134,6.835,,,,yes,,,,292.0
way/738213819,1,1.081,0.714,93.771,93.855,93.856,3.304,88.63,88.36,5.142,5.225,5.227,5.411,,,,yes,,,,216.2
way/739883130,1,0.827,0.81,72.932,73.092,73.361,0.859,70.608,70.39,2.324,2.484,2.753,2.542,,,,yes,,,,335.4
way/739883131,2,0.866,0.867,71.569,75.319,75.661,1.674,68.613,68.241,2.957,6.707,7.048,3.328,,,,yes,,,,242.9
way/739883132,3,1.009,1.0,70.478,70.577,71.07,0.788,67.329,67.169,3.149,3.248,3.741,3.309,,,,yes,,,,126.0
way/739883133,2,0.983,1.0,69.484,72.597,72.732,3.446,67.403,67.125,2.081,5.194,5.33,2.359,,,,yes,,,,135.2
way/739883134,1,0.59,1.0,71.757,72.151,72.151,0.492,68.026,67.864,3.731,4.125,4.125,3.893,,,,yes,,,,134.2
way/739883135,2,0.852,1.0,71.513,73.103,73.284,0.492,68.867,68.532,2.646,4.236,4.417,2.981,,,,yes,,,,173.5
way/739883136,1,0.994,1.0,71.754,73.225,73.919,2.755,69.201,68.724,2.554,4.025,4.719,3.03,,,,yes,,,,350.8
way/739883137,1,0.945,0.706,68.954,69.229,70.6,3.096,65.676,64.919,3.278,3.554,4.925,4.036,,,,yes,,,,211.6
way/739883138,1,0.894,1.0,70.418,70.569,70.766,0.689,65.168,65.005,5.251,5.402,5.599,5.414,,,,yes,,,,170.8
way/739883139,1,0.45,0.727,66.192,66.251,66.29,0.986,63.315,63.025,2.877,2.936,2.975,3.167,,,,yes,,,,135.6
way/739883140,1,0.772,1.0,68.65,68.847,68.847,0.788,65.976,65.527,2.674,2.871,2.871,3.123,,,,yes,,,,127.1
way/739883141,1,0.603,1.0,78.514,80.409,80.869,2.453,66.937,66.504,11.577,13.472,13.931,12.01,,,,yes,,,,172.9
way/739901249,1,0.606,1.0,80.121,80.477,80.562,1.223,77.895,77.145,2.226,2.582,2.667,2.976,,,,yes,,,,189.8
way/739901250,1,0.747,1.0,79.048,79.803,80.45,2.038,77.088,76.242,1.96,2.715,3.361,2.806,,,,yes,,,,111.1
way/739901251,1,1.048,0.778,81.262,81.521,82.982,4.328,77.295,76.838,3.967,4.226,5.688,4.424,,,,yes,,,,106.2
way/739901252,1,0.967,1.0,90.962,92.591,94.27,4.107,87.723,86.52,3.239,4.868,6.547,4.442,,,,yes,,,,224.7
way/739902916,2,0.372,1.0,94.5,94.641,94.791,0.411,91.002,90.861,3.497,3.638,3.788,3.638,,,,yes,,,,172.4
way/739904811,1,0.887,1.0,105.374,105.472,105.535,0.459,92.418,91.527,12.957,13.054,13.117,13.847,,,,yes,,,Atomate,129.9
way/739904813,2,1.59,0.833,99.187,101.343,101.653,2.547,96.045,95.608,3.142,5.298,5.608,3.579,,,,yes,,,,137.5
way/739904814,1,0.933,1.0,101.98,103.428,103.865,1.992,98.271,98.134,3.709,5.158,5.594,3.846,,,,yes,,,,163.1
way/739904819,1,0.939,1.0,99.933,99.933,100.522,0.608,96.659,96.05,3.274,3.274,3.862,3.883,,,,yes,,,,103.3
way/74002795,1,1.112,1.0,82.354,85.01,86.331,4.498,78.145,77.886,4.209,6.865,8.186,4.467,,,,yes,,,,455.8
way/74002800,1,1.015,1.0,83.391,83.575,83.587,0.979,70.692,69.697,12.699,12.882,12.895,13.694,13.5,levels,-0.801,apartments,4,,,1367.7
way/74002810,1,0.984,1.0,89.163,89.294,89.304,0.381,82.037,81.911,7.126,7.258,7.267,7.251,,,,yes,,,,469.2
way/74002811,1,1.162,0.737,76.067,77.968,78.913,4.396,58.041,56.119,18.026,19.927,20.872,19.948,,,,yes,,,,358.6
way/74002812,1,1.021,0.882,73.773,73.915,74.376,0.675,59.064,58.991,14.709,14.851,15.312,14.782,16.5,levels,-1.791,yes,5,,,818.2
way/74002813,1,0.975,1.0,91.367,91.829,92.872,2.539,80.451,79.117,10.916,11.378,12.421,12.25,,,,yes,,,,1169.9
way/74002814,1,1.047,0.9,77.518,78.716,79.019,3.256,55.536,55.211,21.982,23.18,23.483,22.308,,,,yes,,,,359.3
way/74002816,1,1.024,0.971,96.185,97.905,98.829,5.212,84.236,83.946,11.949,13.669,14.593,12.239,10.5,levels,1.449,yes,3,,,1100.0
way/74002818,1,1.075,0.765,75.633,76.895,78.577,3.572,56.216,55.593,19.417,20.679,22.361,20.04,,,,yes,,,,281.8
way/74002820,1,0.927,1.0,89.822,91.384,91.735,2.189,80.31,79.316,9.512,11.073,11.425,10.506,10.5,levels,-0.988,yes,3,,,538.9
way/74002823,3,1.203,0.8,116.93,117.048,117.13,28.122,86.7,86.479,30.23,30.348,30.43,30.451,30.0,height,0.23,yes,9,30 m,,609.0
way/74002827,1,1.046,1.0,79.039,79.173,79.369,0.491,74.152,74.346,4.887,5.021,5.218,4.692,,,,yes,,,,452.8
way/74002844,1,1.002,0.903,117.797,118.354,118.987,3.378,86.858,86.953,30.939,31.496,32.128,30.844,30.0,height,0.939,apartments,9,30 m,,628.0
way/74002846,1,1.042,1.0,73.031,73.039,73.269,0.505,65.338,64.859,7.693,7.702,7.931,8.172,7.5,levels,0.193,yes,2,,,911.5
way/74002847,1,0.94,1.0,112.165,112.251,112.32,2.463,88.587,88.368,23.578,23.663,23.733,23.797,30.0,height,-6.422,yes,9,30 m,,807.4
way/740115015,1,1.709,0.833,102.522,103.109,103.316,2.827,99.502,99.215,3.02,3.607,3.815,3.307,,,,yes,,,,146.6
way/740115017,1,0.87,0.75,102.674,105.085,105.418,3.196,99.552,99.32,3.122,5.533,5.867,3.354,,,,yes,,,,222.5
way/740115022,1,0.269,0.9,97.93,97.954,97.974,0.246,96.683,95.615,1.247,1.271,1.291,2.316,,,,yes,,,,322.9
way/740115030,1,0.895,0.75,98.677,99.531,103.154,4.96,96.295,95.674,2.382,3.236,6.859,3.003,,,,yes,,,,120.8
way/740115031,1,0.556,0.9,103.913,104.353,104.401,1.075,102.113,101.742,1.8,2.239,2.288,2.171,,,,yes,,,,167.9
way/740115032,1,0.059,1.0,100.373,100.418,100.418,1.159,97.393,96.45,2.98,3.025,3.025,3.923,,,,yes,,,,365.0
way/740115033,1,0.524,1.0,104.033,104.229,104.523,1.078,101.582,101.479,2.451,2.647,2.941,2.553,,,,yes,,,,172.4
way/740115034,1,0.702,1.0,103.098,103.66,103.956,1.87,100.4,99.96,2.698,3.26,3.556,3.137,,,,yes,,,,117.4
way/740117252,2,1.554,0.75,73.952,74.454,75.046,1.094,66.614,66.522,7.339,7.84,8.432,7.431,,,,yes,,,,82.2
way/740120947,1,0.824,1.0,96.18,96.522,96.822,1.04,93.649,93.426,2.531,2.873,3.173,2.755,,,,yes,,,,148.8
way/740120949,1,0.622,1.0,98.004,98.61,99.675,1.714,93.675,92.769,4.329,4.934,5.999,5.235,,,,yes,,,,184.6
way/740120950,1,1.67,0.714,94.761,95.823,97.825,3.971,92.384,91.797,2.377,3.44,5.442,2.963,,,,yes,,,,300.7
way/740120951,1,0.083,1.0,96.283,97.052,97.052,1.034,93.792,93.672,2.491,3.26,3.26,2.611,,,,yes,,,,237.1
way/740120954,1,0.939,1.0,106.7,106.7,106.7,0.294,99.636,99.189,7.064,7.064,7.064,7.511,,,,yes,,,,294.0
way/741221836,3,0.797,0.875,93.797,94.801,96.031,3.116,90.995,90.751,2.802,3.807,5.037,3.046,,,,yes,,,,399.5
way/741221837,1,0.529,0.8,92.523,92.731,92.766,0.745,90.002,89.703,2.521,2.729,2.764,2.82,,,,yes,,,,94.4
way/741272677,1,0.847,0.846,91.051,91.464,92.69,2.532,88.16,88.067,2.892,3.305,4.531,2.984,,,,yes,,,,100.7
way/741272678,1,0.638,1.0,92.573,93.132,93.458,2.165,89.317,89.08,3.257,3.815,4.142,3.493,,,,yes,,,,244.6
way/741272679,1,0.415,0.8,96.408,97.148,97.194,1.1,94.205,93.624,2.203,2.943,2.99,2.784,,,,yes,,,,180.7
way/741278338,1,1.059,1.0,94.553,94.594,94.598,0.321,88.598,88.342,5.955,5.997,6.0,6.211,,,,yes,,,,156.5
way/741286427,1,0.656,1.0,98.261,99.266,99.342,1.341,94.161,93.77,4.1,5.105,5.181,4.491,,,,yes,,,,311.6
way/741293537,1,1.318,0.714,102.562,105.267,105.66,4.061,96.267,95.831,6.295,9.001,9.393,6.731,,,,yes,,,,121.3
way/741706297,1,0.997,1.0,112.076,112.19,112.19,0.587,107.128,106.929,4.948,5.062,5.062,5.147,,,,yes,,,,117.3
way/741706300,1,0.899,0.846,109.693,111.388,111.875,2.536,107.206,106.839,2.487,4.181,4.669,2.853,,,,yes,,,,172.7
way/741706301,1,1.081,0.867,108.694,109.087,109.185,0.982,106.397,106.078,2.298,2.69,2.789,2.616,4.5,levels,-2.202,yes,1,,,193.9
way/75517095,1,1.083,0.957,94.747,96.854,97.058,2.917,87.505,87.586,7.242,9.348,9.553,7.161,,,,yes,,,Biserica „Sfântul Pantelimon”,289.5
way/75517096,1,0.884,0.889,96.673,96.782,96.917,0.266,82.497,80.819,14.177,14.285,14.42,15.855,,,,yes,,,,454.4
way/75517098,3,1.043,1.0,99.437,99.828,102.495,5.911,88.777,87.888,10.66,11.051,13.718,11.549,,,,yes,,,Muzeul Național de Artă al Moldovei,2958.1
way/75517107,1,1.014,1.0,92.523,92.93,97.032,7.052,87.292,86.901,5.23,5.637,9.739,5.622,,,,yes,,,,555.6
way/75517108,1,0.928,1.0,90.862,91.188,91.27,0.606,82.995,82.333,7.867,8.193,8.274,8.529,,,,yes,,,,568.5
way/755946904,1,1.038,0.875,92.368,92.447,92.814,0.931,89.172,88.997,3.197,3.276,3.643,3.371,,,,yes,,,,242.8
way/762205706,2,0.772,0.864,83.398,83.742,84.707,1.754,80.898,80.741,2.499,2.844,3.809,2.657,,,,yes,,,,251.2
way/762704773,1,1.114,1.0,93.129,93.129,93.212,0.273,89.583,89.529,3.546,3.546,3.629,3.599,,,,yes,,,,24.5
way/77349313,1,0.953,1.0,89.47,89.531,89.975,1.083,84.49,84.261,4.98,5.041,5.485,5.209,4.5,levels,0.48,yes,1,,,198.1
way/80497122,1,0.944,1.0,97.161,99.157,99.265,2.36,87.737,87.538,9.424,11.42,11.528,9.623,,,,yes,,,,261.2
way/80497152,1,1.008,0.875,96.458,96.806,97.277,3.659,89.078,88.608,7.38,7.728,8.2,7.849,,,,college,,,Colegiul Național de Coregrafie,961.8
way/80722950,1,1.083,0.833,99.7,99.754,104.546,5.74,91.062,90.768,8.639,8.692,13.485,8.932,,,,yes,,,,222.1
way/80722953,1,0.969,0.909,101.065,101.233,101.62,2.848,94.981,94.584,6.085,6.252,6.639,6.482,,,,yes,,,,419.6
way/80722960,2,0.89,1.0,104.148,104.402,105.619,3.537,93.404,91.639,10.744,10.998,12.215,12.509,13.5,levels,-2.756,apartments,4,,,952.6
way/80722965,1,1.216,1.0,98.399,98.425,98.495,0.131,93.184,93.001,5.216,5.241,5.311,5.398,,,,yes,,,,67.2
way/80722969,1,0.917,1.0,103.799,103.875,103.875,0.46,92.031,91.654,11.768,11.844,11.844,12.145,,,,yes,,,,113.9
way/827540466,1,1.197,0.833,107.056,107.722,107.825,2.455,86.803,86.661,20.253,20.919,21.022,20.395,,,,yes,,,,299.4
way/844952925,5,1.006,0.88,144.197,149.055,154.687,5.836,84.202,83.743,59.994,64.853,70.484,60.453,,,,yes,,,"Judecătoria Chișinău, Sediul Centru",2271.3
way/85698785,1,1.142,0.714,92.753,92.865,93.206,0.925,78.999,78.033,13.754,13.866,14.207,14.72,,,,yes,,,,386.3
way/85698786,1,1.058,1.0,88.319,88.365,88.397,0.243,80.278,80.018,8.041,8.086,8.119,8.301,,,,yes,,,,601.8
way/85698791,1,1.086,0.9,89.282,90.443,90.673,2.747,83.651,82.601,5.63,6.792,7.022,6.681,,,,yes,,,,515.4
way/85698792,1,0.943,1.0,85.845,85.891,85.891,0.42,78.311,78.072,7.534,7.58,7.58,7.773,10.5,levels,-2.966,office,3,,,594.7
way/85745564,1,1.033,1.0,93.046,93.121,93.121,0.094,85.864,85.864,7.182,7.257,7.257,7.183,,,,yes,,,,433.2
way/860474299,1,1.099,1.0,67.173,67.367,67.367,1.794,60.873,60.848,6.3,6.494,6.494,6.324,,,,yes,,,,188.6
way/860474300,1,0.585,1.0,63.093,63.221,63.4,0.753,60.293,60.175,2.799,2.928,3.107,2.918,,,,garages,,,,187.3
way/87155329,1,0.997,1.0,90.23,90.4,90.722,0.694,86.455,83.054,3.775,3.945,4.267,7.176,5.0,height,-1.225,yes,1,5 m,,934.9
way/87155335,1,1.009,1.0,90.322,90.377,90.7,0.57,86.91,84.38,3.411,3.466,3.789,5.942,5.0,height,-1.589,yes,1,5 m,,937.8
way/879271633,3,1.439,0.85,77.081,78.56,79.423,3.337,73.948,73.512,3.133,4.611,5.474,3.57,,,,yes,,,,505.8
way/901757614,1,0.993,1.0,91.93,91.936,91.936,1.638,82.177,80.753,9.753,9.76,9.76,11.177,,,,yes,,,,266.0
way/90196386,1,1.261,0.706,72.997,73.326,73.836,2.275,57.983,57.283,15.013,15.343,15.853,15.714,7.5,levels,7.513,yes,2,,,282.3
way/90578621,1,1.059,0.875,103.221,103.314,103.372,5.544,94.361,94.319,8.859,8.952,9.01,8.901,,,,yes,,,,382.6
way/906890341,1,0.987,1.0,92.949,92.949,92.962,0.041,86.446,86.338,6.503,6.503,6.516,6.611,,,,yes,,,,108.6
way/906890344,1,0.868,1.0,90.964,90.967,91.008,0.952,87.605,87.215,3.359,3.362,3.403,3.75,,,,yes,,,,154.0
way/906946277,1,0.978,1.0,83.023,83.023,83.079,0.275,80.246,80.224,2.777,2.777,2.832,2.799,,,,allotment_house,,,,100.4
way/90967663,1,0.939,1.0,110.513,111.36,113.436,3.714,92.132,91.866,18.381,19.228,21.303,18.647,,,,yes,,,,312.6
way/91083979,1,0.944,1.0,85.276,85.771,85.771,0.597,78.3,78.223,6.976,7.471,7.471,7.053,,,,yes,,,,127.6
way/913873241,1,0.561,1.0,71.688,72.164,72.246,0.984,66.096,66.0,5.592,6.067,6.149,5.688,,,,yes,,,,156.6
way/913873243,1,0.875,1.0,75.793,75.989,75.989,0.393,69.088,68.875,6.704,6.9,6.9,6.918,,,,yes,,,,117.3
way/913873244,2,1.113,0.714,73.436,73.978,74.91,1.476,69.226,69.14,4.21,4.752,5.684,4.296,,,,yes,,,,74.8
way/913873245,3,0.661,1.0,71.308,71.504,72.784,1.377,69.05,68.789,2.259,2.454,3.734,2.519,,,,yes,,,,91.9
way/91884510,1,1.034,0.947,59.753,60.182,62.149,2.859,56.997,56.336,2.756,3.185,5.152,3.417,,,,yes,,,,248.5
way/91884513,1,0.897,1.0,70.875,70.907,71.159,2.363,65.124,64.768,5.751,5.783,6.035,6.108,,,,yes,,,,295.1
way/91884521,1,0.951,0.85,59.999,60.197,60.874,2.029,57.567,55.76,2.432,2.63,3.307,4.239,,,,yes,,,,335.9
way/91884523,1,0.359,1.0,61.731,62.279,62.388,1.537,58.713,58.653,3.018,3.566,3.674,3.078,,,,yes,,,,158.5
way/91884524,1,0.066,0.75,64.261,64.329,64.616,0.367,57.05,56.369,7.211,7.278,7.566,7.892,4.5,levels,2.711,yes,1,,,636.1
way/91936872,1,0.972,1.0,100.543,100.896,101.135,0.596,87.084,86.928,13.459,13.812,14.051,13.615,13.5,levels,-0.041,yes,4,,,97.3
way/91936879,1,1.015,1.0,91.991,92.098,94.232,2.788,87.633,87.667,4.357,4.465,6.599,4.324,4.5,levels,-0.143,yes,1,,,498.5
way/91936882,1,0.987,1.0,95.541,95.572,95.596,4.526,86.798,86.596,8.743,8.774,8.798,8.944,7.5,levels,1.243,yes,2,,,173.2
way/91936897,1,1.071,1.0,90.449,90.849,90.849,0.421,86.512,86.439,3.938,4.337,4.337,4.011,,,,yes,,,,32.5
way/91936902,1,2.41,0.826,91.62,93.087,94.629,3.954,87.8,87.647,3.82,5.288,6.829,3.973,4.5,levels,-0.68,yes,1,,,239.1
way/92029591,3,0.974,0.778,72.172,73.156,74.139,1.378,69.567,69.499,2.605,3.589,4.573,2.673,,,,yes,,,,475.3
way/92029593,1,0.616,1.0,83.775,83.902,83.945,0.183,77.827,75.63,5.948,6.075,6.117,8.145,,,,yes,,,,620.2
way/92029594,1,1.074,1.0,77.207,77.486,77.501,0.687,74.123,73.99,3.084,3.363,3.379,3.216,,,,yes,,,,127.4
way/92029595,1,1.011,1.0,70.943,71.031,71.228,0.591,67.548,66.896,3.394,3.482,3.679,4.046,4.5,levels,-1.106,yes,1,,,392.5
way/92029597,1,0.961,1.0,74.749,74.799,74.848,0.492,67.585,66.853,7.165,7.214,7.263,7.896,7.5,levels,-0.335,yes,2,,,532.2
way/92029599,1,0.956,1.0,72.48,72.48,73.069,1.376,69.114,68.61,3.366,3.366,3.956,3.869,,,,yes,,,,428.0
way/92029600,2,1.281,0.75,80.398,80.594,81.182,0.785,73.857,73.561,6.541,6.737,7.326,6.837,,,,yes,,,,485.0
way/92029601,1,0.904,1.0,71.709,72.299,74.466,4.037,69.039,68.593,2.669,3.26,5.427,3.116,4.5,levels,-1.831,yes,1,,,247.7
way/92029602,1,1.119,1.0,79.343,79.588,79.735,0.588,70.848,70.624,8.495,8.74,8.887,8.718,,,,yes,,,,750.0
way/92029603,2,1.068,0.889,74.935,75.306,75.723,1.18,69.614,69.424,5.321,5.692,6.109,5.511,,,,yes,,,,616.0
way/92029605,1,1.123,0.818,77.465,77.514,78.573,3.662,70.262,69.845,7.202,7.251,8.311,7.62,,,,yes,,,,394.9
way/92029606,1,0.515,0.929,57.551,57.753,58.02,1.426,53.623,53.093,3.928,4.13,4.398,4.458,4.5,levels,-0.572,yes,1,,,806.7
way/92029607,1,1.136,0.84,58.008,58.518,60.417,3.211,54.868,54.387,3.14,3.65,5.549,3.621,,,,yes,,,,413.6
way/92029608,1,1.058,0.706,79.221,79.417,79.907,0.882,71.95,70.65,7.271,7.467,7.957,8.571,,,,yes,,,,760.5
way/92029609,1,1.082,0.75,76.297,76.297,76.395,1.08,69.917,69.812,6.379,6.379,6.478,6.485,,,,yes,,,,217.8
way/92029613,1,0.947,1.0,72.567,73.057,74.335,2.849,69.006,68.582,3.561,4.051,5.329,3.985,,,,yes,,,,463.0
way/92029615,2,0.744,1.0,71.478,71.73,72.186,0.984,68.282,67.907,3.196,3.448,3.904,3.57,,,,yes,,,,298.8
way/92029616,1,1.182,0.714,80.677,82.392,82.784,3.332,75.989,76.094,4.688,6.403,6.796,4.583,,,,retail,,,,830.8
way/92029618,1,0.896,1.0,71.888,71.975,72.172,0.817,68.656,68.388,3.232,3.319,3.515,3.501,,,,yes,,,,175.4
way/92203570,1,1.249,0.745,60.191,61.199,61.701,2.169,53.801,53.15,6.39,7.397,7.9,7.041,10.5,levels,-4.11,terrace,3,,,600.0
way/92203573,1,0.956,1.0,73.836,73.85,74.047,1.573,69.944,69.716,3.893,3.907,4.103,4.121,,,,yes,,,,329.0
way/92203576,1,1.008,1.0,82.533,82.7,82.926,1.111,70.816,70.071,11.717,11.884,12.11,12.462,,,,yes,,,,232.4
way/92203577,1,1.013,1.0,89.551,90.452,90.56,1.367,74.345,74.229,15.206,16.107,16.215,15.322,,,,retail,,,,242.0
way/92203580,1,1.024,1.0,62.645,62.693,62.821,0.869,59.403,58.439,3.242,3.29,3.418,4.206,,,,yes,,,,153.8
way/92203583,1,1.023,1.0,70.339,70.623,70.634,0.492,66.356,65.854,3.983,4.267,4.279,4.485,,,,yes,,,,129.7
way/92203586,1,0.892,0.818,62.252,62.803,63.68,1.956,59.216,58.375,3.036,3.587,4.464,3.877,,,,yes,,,,159.1
way/92203589,1,1.117,0.917,60.667,62.052,62.498,3.446,55.297,55.052,5.37,6.755,7.201,5.615,,,,yes,,,,249.9
way/92203593,1,1.058,0.8,71.988,72.239,72.632,1.674,68.135,67.756,3.853,4.103,4.497,4.232,,,,yes,,,,478.7
way/92417194,1,0.975,0.786,98.987,101.256,101.499,3.459,94.754,93.844,4.233,6.503,6.745,5.143,,,,yes,,,,442.8
way/92417196,1,0.983,0.882,118.494,121.777,122.105,7.513,106.745,106.275,11.749,15.032,15.36,12.219,4.5,levels,7.249,yes,1,,,344.7
way/92417197,1,1.102,1.0,87.272,88.72,88.856,1.747,79.422,79.345,7.85,9.298,9.435,7.927,,,,yes,,,,737.0
way/92417199,1,1.043,0.833,104.111,104.195,108.842,7.533,97.748,97.412,6.363,6.447,11.094,6.699,4.5,levels,1.863,yes,1,,,299.3
way/92417200,1,1.093,0.778,99.394,99.568,99.814,1.611,96.133,96.165,3.262,3.435,3.681,3.229,4.5,levels,-1.238,yes,1,,,414.3
way/92417201,1,0.88,1.0,96.567,110.731,110.751,14.647,89.005,88.718,7.562,21.726,21.746,7.849,,,,yes,,,,643.3
way/92417204,1,1.01,1.0,102.283,102.482,102.487,1.064,97.044,96.76,5.239,5.438,5.444,5.523,4.5,levels,0.739,yes,1,,,286.7
way/92417205,1,0.473,1.0,99.833,101.204,103.416,5.416,94.759,93.806,5.074,6.445,8.657,6.027,7.5,levels,-2.426,yes,2,,,1379.1
way/92417206,1,0.858,0.8,82.082,82.082,82.082,0.196,73.773,73.94,8.309,8.309,8.309,8.142,,,,yes,,,,1188.8
way/92417207,1,1.045,0.714,83.281,84.267,86.312,4.218,80.433,80.053,2.848,3.833,5.879,3.228,,,,yes,,,,336.0
way/92417209,1,0.987,1.0,105.784,107.07,108.374,3.001,97.976,97.679,7.808,9.094,10.398,8.105,7.5,levels,0.308,yes,2,,,177.0
way/92417211,1,0.799,1.0,99.004,99.048,99.075,0.267,94.743,93.977,4.261,4.305,4.332,5.027,,,,yes,,,,298.9
way/92417212,1,0.899,1.0,90.389,90.409,90.409,0.338,82.466,82.287,7.923,7.943,7.943,8.102,,,,yes,,,,334.1
way/92417214,2,1.163,1.0,106.248,106.443,106.541,0.293,103.257,102.877,2.991,3.187,3.284,3.371,4.5,levels,-1.509,retail,1,,,498.2
way/92417217,1,0.858,1.0,103.633,103.638,103.824,0.232,87.915,87.579,15.718,15.723,15.909,16.054,,,,yes,,,,540.6
way/92417219,1,1.02,1.0,109.825,110.322,110.415,0.689,107.149,106.988,2.676,3.173,3.266,2.837,4.5,levels,-1.824,house,1,,,201.6
way/92417220,1,0.367,0.9,108.754,109.047,110.121,1.662,106.387,105.761,2.367,2.66,3.734,2.993,,,,yes,,,,500.2
way/92417221,1,0.677,1.0,109.386,109.387,109.485,0.392,104.463,103.854,4.924,4.924,5.022,5.533,4.5,levels,0.424,retail,1,,,604.2
way/92417222,1,0.514,0.8,105.278,105.362,106.58,4.338,99.422,98.062,5.856,5.94,7.158,7.215,,,,yes,,,,866.2
way/92417224,2,0.961,0.852,113.249,113.937,116.955,4.876,102.132,101.078,11.118,11.806,14.824,12.171,4.5,levels,6.618,government,1,,,1676.7
way/92417226,1,0.758,0.923,97.521,97.569,98.358,1.69,94.519,94.42,3.002,3.05,3.839,3.101,,,,yes,,,,229.8
way/92417227,1,0.909,0.857,94.342,94.502,94.868,0.882,90.901,90.569,3.441,3.601,3.966,3.774,,,,yes,,,,401.2
way/92417230,1,1.0,1.0,78.639,79.08,80.011,3.234,74.279,73.374,4.359,4.801,5.732,5.264,,,,retail,,,,769.4
way/92417232,1,0.968,1.0,94.201,94.824,95.298,3.341,87.261,87.221,6.94,7.563,8.036,6.98,,,,yes,,,,299.2
way/92417233,1,1.076,0.933,85.451,86.57,86.749,4.079,81.811,81.279,3.641,4.759,4.939,4.172,,,,yes,,,,312.7
way/92417234,1,1.079,0.846,111.314,111.461,112.196,1.666,105.732,105.182,5.581,5.728,6.463,6.132,4.5,levels,1.081,retail,1,,,391.5
way/924966422,1,1.082,1.0,89.917,90.244,90.401,0.612,82.086,81.871,7.832,8.158,8.315,8.046,,,,yes,,,,94.9
way/924966423,1,0.122,0.875,87.255,87.343,87.54,0.897,84.271,83.844,2.984,3.072,3.269,3.411,28.5,levels,-25.516,yes,9,,,977.3
way/924966427,2,1.586,0.7,90.759,91.086,92.634,2.267,83.593,83.034,7.166,7.492,9.041,7.725,28.5,levels,-21.334,yes,9,,,621.1
way/93245795,2,1.734,0.918,101.812,102.034,104.709,3.111,86.686,86.446,15.126,15.348,18.024,15.366,,,,yes,,,,1539.8
way/93245796,1,0.979,1.0,107.624,107.84,107.993,0.557,98.15,97.969,9.474,9.69,9.843,9.655,,,,school,,,,535.7
way/93245797,1,1.089,0.833,106.894,107.154,108.229,1.606,91.571,91.007,15.323,15.583,16.658,15.887,10.5,levels,4.823,yes,3,,Banca Mondială,252.5
way/93245800,1,1.331,0.75,89.757,89.768,96.094,7.513,83.23,83.089,6.527,6.538,12.864,6.668,,,,yes,,,,112.7
way/93245805,1,1.048,1.0,92.901,92.935,92.971,0.315,86.611,86.608,6.291,6.325,6.36,6.294,,,,yes,,,,534.7
way/93332163,2,1.009,1.0,91.383,94.808,95.202,3.975,88.638,88.261,2.744,6.17,6.563,3.121,,,,yes,,,,279.9
way/93332167,1,0.982,1.0,89.593,89.607,89.645,0.605,86.585,86.306,3.008,3.022,3.06,3.287,,,,yes,,,,280.4
way/93332176,1,1.034,1.0,95.967,96.002,96.003,0.148,87.514,87.12,8.453,8.488,8.489,8.847,,,,yes,,,,596.8
way/93332180,2,0.884,1.0,91.454,91.995,92.272,1.869,87.105,86.911,4.349,4.89,5.167,4.544,,,,yes,,,,371.4
way/941044034,3,0.043,1.0,76.502,77.116,77.288,1.653,74.402,73.078,2.1,2.714,2.886,3.424,24.0,levels,-21.9,apartments,7,,,2208.7
way/941044035,1,1.18,1.0,78.303,78.303,78.499,0.196,74.147,74.005,4.157,4.157,4.353,4.298,,,,yes,,,PT-125,35.6
way/941044037,1,0.788,0.778,71.159,71.427,71.524,0.515,65.657,64.892,5.502,5.77,5.867,6.267,,,,yes,,,,81.3
way/94692303,1,1.022,1.0,70.824,70.824,70.824,0.0,66.896,66.702,3.928,3.928,3.928,4.123,,,,yes,,,,69.1
way/94692306,1,1.147,0.857,75.06,75.673,77.074,3.736,70.654,70.667,4.406,5.019,6.42,4.394,4.5,levels,-0.094,yes,1,,,258.0
way/94985363,1,0.849,1.0,88.71,88.896,95.776,7.424,83.827,83.612,4.883,5.068,11.949,5.099,4.5,levels,0.383,service,1,,PT-215,345.9
way/94985365,1,1.114,1.0,91.246,92.289,94.139,2.999,86.175,86.099,5.071,6.114,7.964,5.147,,,,service,,,PT-145,117.8
way/96059519,1,0.965,1.0,71.851,71.983,72.302,1.971,68.336,67.887,3.515,3.647,3.967,3.963,,,,yes,,,,486.3
way/96059522,1,0.708,0.9,66.294,66.84,67.103,2.338,64.547,63.304,1.747,2.293,2.556,2.99,,,,yes,,,,263.1
way/96059526,1,1.153,0.81,77.969,77.969,78.166,0.393,71.72,71.634,6.25,6.25,6.446,6.335,,,,yes,,,Biserica Sfântul Mucenic Haralambie,327.4
way/96059527,2,1.087,1.0,78.534,78.606,78.606,0.275,72.245,71.112,6.289,6.36,6.36,7.422,,,,yes,,,,264.7
way/96059528,1,1.157,0.909,73.752,74.047,74.539,0.984,70.822,70.556,2.93,3.225,3.717,3.195,,,,yes,,,,189.2
way/96059533,1,1.162,0.909,75.035,75.625,76.509,2.457,69.462,69.439,5.573,6.163,7.047,5.596,,,,yes,,,,273.0
way/96059540,1,0.984,1.0,72.546,72.743,73.037,1.179,68.898,68.585,3.648,3.844,4.139,3.961,,,,yes,,,,350.6
way/96059541,1,1.031,1.0,76.957,77.222,77.222,2.754,67.124,67.131,9.832,10.098,10.098,9.826,,,,yes,,,,189.5
way/96059542,2,1.036,0.857,74.056,74.201,74.737,1.789,71.115,70.533,2.941,3.086,3.622,3.523,,,,yes,,,,221.1
way/96059545,1,0.904,0.769,70.727,71.049,73.184,3.202,68.36,68.325,2.367,2.689,4.824,2.402,7.5,levels,-5.133,yes,2,,,363.1
way/96059549,1,1.195,0.826,66.008,67.264,68.023,3.714,62.958,62.463,3.05,4.306,5.065,3.545,,,,yes,,,,158.8
way/96059553,1,0.153,1.0,68.198,68.198,68.198,0.38,65.235,64.629,2.963,2.963,2.963,3.569,,,,yes,,,,116.0
way/96059555,1,1.132,1.0,73.279,74.642,75.099,2.263,66.291,65.906,6.988,8.351,8.809,7.372,7.5,levels,-0.512,yes,2,,,173.0
way/96059563,1,0.768,0.824,70.632,71.324,73.073,3.004,67.882,67.813,2.75,3.442,5.191,2.818,,,,yes,,,,396.7
way/96059566,2,1.403,0.75,70.058,72.712,74.654,3.692,67.026,66.7,3.032,5.686,7.629,3.359,7.5,levels,-4.468,yes,2,,,242.7
way/96059570,1,0.909,1.0,77.665,78.646,79.039,1.766,70.128,69.423,7.537,8.518,8.911,8.242,7.5,levels,0.037,office,2,,,448.0
way/96059574,1,0.825,1.0,77.939,78.048,78.234,0.59,70.289,69.736,7.65,7.759,7.945,8.203,,,,yes,,,,313.8
way/96059575,1,1.624,0.773,68.399,68.793,69.187,1.477,66.117,65.965,2.282,2.676,3.069,2.434,,,,yes,,,,159.1
way/96059580,3,1.277,0.75,67.607,72.502,74.154,2.261,63.506,62.955,4.101,8.997,10.649,4.652,7.5,levels,-3.399,yes,2,,,545.5
way/96301014,1,0.777,1.0,82.97,83.216,83.675,3.905,75.781,74.911,7.189,7.436,7.894,8.059,,,,yes,,,Federația Moldovenească de Fotbal,583.1
way/96301021,1,1.065,1.0,94.73,95.081,95.143,1.83,81.582,80.796,13.148,13.499,13.561,13.934,,,,yes,,,,766.6
way/96301023,1,1.017,1.0,91.454,91.94,91.981,2.948,79.497,78.079,11.957,12.443,12.484,13.375,10.5,levels,1.457,yes,3,,,1803.8
way/96301030,1,1.038,1.0,84.536,84.706,84.789,0.457,79.187,78.79,5.35,5.519,5.602,5.746,7.5,levels,-2.15,office,2,,,321.8
way/96301040,1,1.076,1.0,91.202,91.244,91.265,0.559,78.586,78.02,12.615,12.657,12.679,13.181,,,,yes,,,,238.7
way/963240160,1,2.018,0.75,101.376,103.123,103.272,3.77,96.705,96.578,4.671,6.418,6.567,4.797,,,,yes,,,,159.5
way/96551642,2,1.14,0.833,94.868,95.482,95.878,1.01,89.323,89.317,5.545,6.159,6.555,5.551,,,,yes,,,,202.7
way/96551643,1,1.044,0.762,91.787,91.863,94.536,3.404,87.748,87.298,4.038,4.115,6.787,4.489,,,,yes,,,,642.6
way/96551647,1,1.102,1.0,96.751,96.93,96.968,1.975,91.258,90.884,5.493,5.672,5.71,5.867,,,,yes,,,,155.6
way/96551648,1,1.206,0.7,93.37,93.518,94.975,2.175,88.005,87.853,5.364,5.513,6.97,5.516,,,,yes,,,,237.1
way/96551650,1,0.995,0.75,91.11,91.507,91.606,1.419,87.458,87.307,3.652,4.049,4.148,3.803,,,,yes,,,,177.2
way/96551654,1,0.787,1.0,91.984,92.252,92.432,2.028,86.516,86.335,5.469,5.736,5.916,5.649,,,,yes,,,,432.3
way/96551656,2,1.058,0.818,94.003,94.328,94.676,1.466,88.082,87.872,5.922,6.246,6.594,6.131,,,,yes,,,,251.6
way/96551659,3,1.159,0.714,93.993,94.355,94.823,2.201,88.129,87.015,5.864,6.226,6.694,6.978,,,,yes,,,,629.2
way/96551660,1,1.182,0.933,90.692,90.692,90.692,0.0,86.111,86.013,4.581,4.581,4.581,4.679,,,,retail,,,,285.0
way/96551671,1,1.081,0.737,92.556,92.951,93.264,1.146,89.429,89.32,3.126,3.521,3.835,3.236,,,,yes,,,,291.7
way/96551672,1,1.094,0.875,95.554,95.587,95.833,0.396,86.307,86.375,9.246,9.28,9.526,9.179,,,,yes,,,,530.3
way/96551675,1,1.01,0.8,94.117,95.014,95.463,1.93,86.4,86.364,7.717,8.614,9.063,7.753,,,,yes,,,,550.7
way/96551676,1,0.988,1.0,91.742,91.955,94.174,3.932,87.808,87.588,3.934,4.147,6.366,4.154,,,,yes,,,,298.3
way/96551677,1,0.952,1.0,91.1,91.28,91.281,0.311,87.979,87.849,3.121,3.301,3.302,3.251,,,,yes,,,,194.2
way/96551678,1,1.177,0.778,91.946,92.073,92.093,0.702,89.318,89.3,2.628,2.755,2.775,2.646,,,,yes,,,,75.3
way/96551679,1,1.007,1.0,96.387,97.152,99.015,3.669,89.22,89.009,7.168,7.932,9.796,7.378,,,,yes,,,,200.4
way/96551681,1,1.231,0.704,90.394,90.973,94.178,4.309,87.795,87.475,2.599,3.178,6.382,2.919,,,,yes,,,,498.2
way/96551682,1,1.003,0.75,92.737,92.92,93.149,4.166,86.294,86.084,6.443,6.626,6.854,6.654,,,,yes,,,,206.1
way/96551684,1,1.043,0.846,89.663,89.68,89.703,0.196,88.567,88.42,1.095,1.113,1.136,1.243,,,,yes,,,,181.1
way/96551685,1,1.038,0.714,92.339,92.384,94.37,3.048,88.398,88.092,3.941,3.985,5.972,4.247,,,,yes,,,,727.5
way/96551686,1,1.15,0.769,91.387,92.666,93.393,2.264,88.232,87.84,3.155,4.434,5.161,3.547,,,,yes,,,,223.3
way/96551690,1,1.111,1.0,91.902,92.507,92.507,0.69,89.265,89.202,2.637,3.242,3.242,2.7,,,,yes,,,,35.5
way/96551696,1,0.99,1.0,94.035,94.241,94.945,2.77,85.876,85.236,8.159,8.365,9.069,8.799,,,,yes,,,,326.3
way/96551699,1,0.492,1.0,90.024,90.024,90.163,0.447,87.509,87.428,2.515,2.515,2.654,2.596,,,,yes,,,,109.6
way/96551703,2,1.169,0.818,96.19,97.367,99.396,4.11,88.318,88.173,7.872,9.048,11.077,8.017,,,,yes,,,,423.6
way/96551705,1,1.303,0.714,95.055,95.233,95.3,3.522,87.679,87.153,7.376,7.554,7.621,7.902,,,,yes,,,,126.0
way/96551709,1,1.046,1.0,90.033,90.094,90.111,0.437,85.848,85.789,4.184,4.246,4.262,4.243,,,,yes,,,,296.6
way/96551712,1,1.114,0.889,96.772,96.899,96.968,3.171,86.47,86.523,10.302,10.428,10.497,10.249,,,,yes,,,,221.2
way/96551713,1,1.019,1.0,95.481,95.937,96.224,1.692,88.142,87.921,7.34,7.796,8.082,7.561,,,,yes,,,,109.5
way/96551715,1,0.95,1.0,92.147,92.295,92.548,1.131,88.423,88.276,3.724,3.872,4.125,3.871,,,,yes,,,,237.1
way/96551718,2,0.738,1.0,91.571,96.391,96.998,0.903,88.463,88.323,3.108,7.928,8.535,3.249,,,,yes,,,,680.0
way/96551723,1,1.0,1.0,88.966,89.051,89.515,0.806,86.445,86.269,2.521,2.605,3.07,2.697,,,,retail,,,,345.0
way/96551725,1,0.96,1.0,99.928,99.932,99.936,0.057,89.121,88.835,10.806,10.81,10.814,11.093,,,,yes,,,,197.5
way/96551729,2,0.948,0.714,91.881,92.145,93.839,2.303,88.583,88.468,3.297,3.561,5.256,3.413,,,,yes,,,,418.9
way/96551730,1,0.789,1.0,96.259,96.266,96.455,0.291,87.513,87.157,8.746,8.753,8.943,9.102,,,,yes,,,,214.4
way/96551731,1,1.154,0.714,91.961,92.12,92.289,0.634,89.644,89.489,2.317,2.476,2.646,2.472,,,,yes,,,,274.0
way/96569147,1,0.986,1.0,107.796,107.894,107.894,0.489,102.163,101.943,5.633,5.731,5.731,5.853,,,,yes,,,,184.6
way/96569153,1,0.963,0.786,108.331,108.331,109.019,0.786,98.716,98.3,9.615,9.615,10.303,10.031,,,,yes,,,,431.4
way/96569154,1,1.104,0.929,94.997,95.089,95.119,0.245,89.04,88.793,5.957,6.05,6.08,6.204,,,,yes,,,,103.1
way/96569156,1,0.451,1.0,106.32,106.32,106.32,0.684,101.899,101.369,4.421,4.421,4.421,4.951,,,,yes,,,,189.6
way/96569162,1,0.749,1.0,105.053,105.059,105.059,0.257,88.635,88.424,16.418,16.424,16.424,16.629,,,,yes,,,,422.9
way/96569163,1,1.099,0.75,96.226,96.315,96.344,1.171,92.669,92.231,3.557,3.646,3.675,3.995,,,,yes,,,,110.4
way/96569164,1,0.534,1.0,97.942,98.101,98.122,0.316,91.115,91.034,6.827,6.986,7.007,6.908,,,,yes,,,,233.9
way/96569165,1,1.002,1.0,99.143,99.516,99.521,0.391,91.922,91.412,7.221,7.593,7.598,7.732,,,,yes,,,,266.6
way/96569169,1,1.113,1.0,98.741,98.803,99.186,0.521,90.517,90.198,8.224,8.287,8.669,8.543,,,,yes,,,,308.9
way/96569170,1,1.254,0.895,95.043,95.204,95.272,0.557,86.987,86.818,8.056,8.217,8.285,8.225,,,,yes,,,Ambasada Georgiei,177.3
way/96569179,2,1.138,0.75,95.884,96.113,96.276,1.556,92.005,91.702,3.878,4.107,4.271,4.182,,,,yes,,,,317.0
way/96569181,1,1.421,0.875,100.119,101.019,101.442,3.998,94.222,94.03,5.897,6.797,7.221,6.089,,,,yes,,,,172.6
way/96569185,1,0.986,1.0,107.296,107.425,107.493,0.196,99.747,99.667,7.55,7.678,7.746,7.629,,,,yes,,,,390.1
way/96569186,1,1.099,1.0,104.253,104.273,104.351,0.294,99.489,99.307,4.764,4.783,4.862,4.946,,,,yes,,,,195.9
way/96569190,1,1.274,0.815,104.943,105.207,106.848,4.047,97.99,97.736,6.952,7.216,8.857,7.206,,,,yes,,,,157.1
way/96569191,1,0.998,0.778,102.779,103.049,103.172,0.589,99.809,99.511,2.97,3.24,3.363,3.268,,,,yes,,,,316.4
way/96569192,1,1.397,0.846,99.024,99.12,99.251,1.498,91.015,90.44,8.009,8.105,8.236,8.584,,,,yes,,,,535.6
way/96569202,1,0.844,1.0,100.328,100.363,100.364,0.198,93.824,93.179,6.503,6.539,6.54,7.148,,,,yes,,,,259.8
way/96569203,2,1.068,1.0,100.073,100.665,102.37,2.298,93.314,92.462,6.759,7.35,9.056,7.61,,,,yes,,,,269.0
way/96569206,1,0.995,1.0,94.345,94.522,96.729,2.968,90.998,90.901,3.347,3.524,5.731,3.445,,,,yes,,,,206.9
way/96569207,1,0.102,0.8,103.68,105.306,105.663,2.59,96.591,96.154,7.089,8.715,9.072,7.526,,,,yes,,,,442.8
way/96569208,1,1.696,0.857,95.915,96.039,96.689,1.067,87.528,87.53,8.386,8.511,9.161,8.384,,,,yes,,,,344.8
way/96569212,1,1.342,0.76,97.102,97.852,98.561,2.001,94.485,94.106,2.617,3.367,4.076,2.995,,,,yes,,,,277.2
way/96569216,1,0.871,1.0,95.045,95.119,95.125,0.314,87.52,87.408,7.525,7.599,7.605,7.637,,,,yes,,,,352.1
way/96569217,1,0.95,0.706,99.627,99.665,100.658,1.509,96.188,95.759,3.439,3.477,4.47,3.868,,,,yes,,,,274.2
way/96569221,1,0.999,1.0,98.758,98.77,101.678,3.979,94.268,93.632,4.49,4.502,7.41,5.126,,,,yes,,,,403.0
way/96569225,1,0.96,1.0,94.012,94.139,94.139,0.244,89.15,88.734,4.862,4.988,4.988,5.278,,,,yes,,,,85.7
way/96569231,1,0.919,1.0,100.587,101.205,101.255,1.243,92.328,92.098,8.258,8.877,8.927,8.489,,,,yes,,,,119.8
way/96569232,1,1.161,0.789,104.024,104.171,105.54,3.492,97.771,97.698,6.253,6.4,7.769,6.325,,,,yes,,,,262.1
way/96569237,2,0.99,1.0,94.965,95.385,95.723,1.831,90.969,90.642,3.996,4.416,4.754,4.324,,,,yes,,,,276.7
way/96569238,1,0.764,1.0,99.864,100.058,100.121,0.554,97.259,97.273,2.605,2.799,2.862,2.591,,,,yes,,,,157.3
way/96569241,2,0.926,0.737,96.018,96.238,96.981,1.548,93.317,92.338,2.701,2.921,3.664,3.68,,,,yes,,,,630.8
way/96569245,1,0.928,1.0,103.214,103.562,103.571,0.68,97.645,97.497,5.569,5.918,5.926,5.716,,,,yes,,,,168.3
way/96569247,1,1.046,1.0,100.729,101.342,101.565,1.466,96.624,96.21,4.105,4.718,4.941,4.52,,,,yes,,,,166.7
way/96569253,2,1.089,1.0,99.764,99.894,100.136,2.952,93.374,92.527,6.391,6.52,6.762,7.237,,,,yes,,,,438.3
way/96569256,1,0.778,1.0,101.617,102.208,102.282,0.783,99.296,98.718,2.321,2.913,2.986,2.899,,,,yes,,,,251.3
way/96569257,1,0.929,1.0,100.966,101.046,101.322,0.373,97.853,97.631,3.113,3.193,3.469,3.336,,,,yes,,,,165.4
way/96569260,2,0.985,1.0,105.538,106.906,107.199,0.391,102.544,102.07,2.994,4.362,4.655,3.468,,,,yes,,,,74.0
way/96569263,1,0.94,1.0,109.153,109.3,109.349,0.684,103.479,102.902,5.674,5.821,5.87,6.251,,,,yes,,,,274.7
way/96569269,1,1.042,1.0,104.031,104.036,104.096,0.197,95.885,94.665,8.146,8.151,8.211,9.367,,,,yes,,,,325.0
way/96569273,1,1.054,0.9,97.713,97.838,98.396,1.631,93.397,93.034,4.316,4.441,4.999,4.679,,,,yes,,,,395.7
way/96569276,2,0.825,1.0,96.501,96.521,102.073,5.794,90.961,90.569,5.54,5.559,11.111,5.932,,,,yes,,,,419.9
way/96569277,1,1.012,1.0,102.281,102.551,102.623,0.435,96.542,96.375,5.738,6.009,6.081,5.906,,,,yes,,,,108.2
way/96569283,2,0.933,1.0,97.2,97.65,98.21,3.432,89.476,89.154,7.724,8.174,8.733,8.046,,,,yes,,,,449.3
way/96933766,1,0.897,1.0,93.631,96.317,102.317,8.751,83.444,83.307,10.187,12.873,18.873,10.323,4.5,levels,5.687,yes,1,,,627.8
way/97820673,1,0.986,1.0,76.407,76.407,76.407,0.0,69.288,69.103,7.119,7.119,7.119,7.304,7.5,levels,-0.381,yes,2,,,285.3
way/97820690,1,1.138,1.0,73.714,73.714,76.407,2.692,69.483,69.699,4.232,4.232,6.924,4.016,4.5,levels,-0.268,yes,1,,,413.5
way/97820693,1,1.238,0.867,82.369,82.947,89.693,10.408,74.518,74.019,7.85,8.428,15.174,8.35,13.5,levels,-5.65,yes,4,,,468.2
way/97935042,1,0.942,1.0,114.856,114.856,114.856,0.68,100.796,99.994,14.06,14.06,14.06,14.862,13.5,levels,0.56,yes,4,,,577.2
way/98427970,1,1.013,1.0,92.619,92.704,93.235,0.825,81.67,81.31,10.949,11.034,11.564,11.309,,,,church,,,Casa parohială și curia eparhială,564.4
way/98427971,2,0.798,1.0,94.253,94.338,94.519,1.682,82.344,82.22,11.909,11.994,12.175,12.033,,,,church,,,Biserica Schimbarea la Față,643.8
way/98427972,2,0.763,1.0,80.059,80.138,80.321,0.783,75.125,75.131,4.934,5.013,5.196,4.929,,,,apartments,,,,398.3
way/98427973,1,1.015,1.0,89.024,89.136,89.387,0.688,84.072,83.853,4.951,5.063,5.315,5.171,,,,yes,,,,561.7
way/98427974,1,1.061,1.0,90.639,90.701,91.269,0.805,83.861,83.499,6.778,6.84,7.408,7.14,,,,yes,,,Vila Urbană a lui Vladimir Herța,794.8
way/98427975,1,0.977,1.0,88.012,100.28,100.319,12.774,81.691,81.278,6.321,18.589,18.628,6.734,,,,church,,,Catedrala Romano-Catolică „Providența Divină”,623.9
way/991056896,2,0.711,1.0,108.692,108.803,109.281,6.905,84.645,84.132,24.047,24.159,24.637,24.559,,,,yes,6;2;4,,Gemeni,2456.5
way/999568975,1,0.965,1.0,99.358,99.549,99.549,0.256,95.75,95.399,3.609,3.799,3.799,3.959,,,,yes,,,,88.2
